symbol_index,rank,letter,proximity,profile_proximity,final_score
0,1,අ,0.9986174968745296,0.9098623859459383,0.9853042302352408
0,2,ඳ,0.9081371743673298,0.6503474703680341,0.8694687187674354
0,3,ඤ,0.8676429899337043,0.6223736830715947,0.8308525939043878
0,4,ඉ,0.8696631287861892,0.41663932703162165,0.8017095585230041
0,5,ඈ,0.8400651367673272,0.5038995910897228,0.7896403049156865
0,6,ඇ,0.8331993286720214,0.5202650070031454,0.78625918042169
0,7,ආ,0.8056611246666191,0.5675764399480789,0.7699484219588381
0,8,ෆ,0.8152353401465731,0.4314910790926554,0.7576737009884854
0,9,ද,0.746748856378513,0.6949129488848518,0.7389734702544637
0,10,ඊ,0.7720100871051384,0.37998372192683016,0.7132061323283921
0,11,ල,0.7470763693310383,0.4679888852365678,0.7052132467168677
0,12,ඒ,0.7375201418648148,0.4545053172439052,0.6950679181716783
0,13,ත,0.7602362018144495,0.2989946157290524,0.69104996390164
0,14,ම,0.7334195788233662,0.38446566957842565,0.681076492436625
0,15,ඛ,0.7341118393129369,0.28788232292292415,0.6671774118544349
0,16,උ,0.6888023451022524,0.4629984850617386,0.6549317660961753
0,17,භ,0.7151084934827604,0.25176100945730095,0.6456063708789415
0,18,න,0.6844083793300826,0.3057985287944234,0.6276169017497336
0,19,ඕ,0.6850583128082077,0.27975581585034826,0.6242629382645287
0,20,ළ,0.6414638587036878,0.4785654463368747,0.6170290968486658
0,21,ඹ,0.660754947079782,0.3114533300893725,0.6083597045312205
0,22,ව,0.6482592074796883,0.36496886313444665,0.6057656558279021
0,23,ඔ,0.6516163235380485,0.2951443241238825,0.5981455236259235
0,24,ඵ,0.6455019063344749,0.3126138046549144,0.5955686910825408
0,25,හ,0.6558843057947532,0.25122508791935283,0.5951854231134431
0,26,ග,0.6474803021721373,0.29321345850963487,0.5943402756227619
0,27,ඞ,0.6421406986803643,0.30512475049004273,0.591588306451816
0,28,ච,0.6303776657536567,0.3598157173395614,0.5897933734915424
0,29,එ,0.6292300202577628,0.31498848064619756,0.582093789316028
0,30,ථ,0.6221842664227646,0.34681710332850946,0.5808791919586263
0,31,ජ,0.6259599333020227,0.3116426389171123,0.5788123391442862
0,32,ක,0.6331498934264927,0.26056706756442904,0.5772624695471832
0,33,ට,0.6199201086424253,0.33387683410306734,0.5770136174615217
0,34,ප,0.6317755988472444,0.16456866734259967,0.5616945591215476
0,35,ර,0.5957401307976655,0.3476090230691271,0.5585204646383848
0,36,බ,0.6107819285964974,0.26151136233541117,0.5583913436573344
0,37,ඝ,0.6211456267033273,0.13404853226388747,0.5480810625374113
0,38,ඟ,0.6072863801037274,0.20814996592819301,0.5474159179773972
0,39,ඏ,0.5837392340443617,0.21879721844277455,0.5289979317041236
0,40,ඩ,0.5643167494463249,0.2812681876620461,0.5218594651786831
0,41,ශ,0.5526660611938352,0.2616680081039092,0.5090163532303463
0,42,ස,0.5788730675055962,0.10226184796046311,0.5073813845738262
0,43,ඪ,0.5177647241591463,0.2753776227773471,0.4814066589518764
0,44,ධ,0.516685376101712,0.2543120766066279,0.47732938117744933
0,45,ඡ,0.48957638994084773,0.3031736843081052,0.46161598409593635
0,46,ණ,0.4781965576362591,0.3269244598402029,0.4555057429668507
0,47,ඌ,0.43886228031535723,0.5120090556403489,0.44983429661410596
0,48,ඨ,0.4456679260106513,0.25206512434440387,0.41662750576071417
0,49,ය,0.43966844835994134,0.21834237838600512,0.40646953786385087
0,50,ඬ,0.4377701000159365,0.19689515173837957,0.40163885777430297
0,51,ඐ,0.35468953728295327,0.2484470455089538,0.33875316351685336
0,52,ඣ,0.3062541727731142,0.28610137486098963,0.3032312530862955
0,53,ඖ,0.2963003324337449,0.293383773570551,0.29586284860426576
0,54,ඍ,0.32063937934114184,0.13259431705317648,0.29243261999794706
0,55,ඓ,0.13935150023858456,0.36346091040023976,0.17296791176283283
0,56,ෂ,0.18938378266183165,0.0,0.1609762152625569
0,57,ඎ,0.0,0.21174217245470295,0.031761325868205445
1,1,ආ,0.9925868410086643,0.8936179020922805,0.9777415001712068
1,2,ඤ,0.9446744292889359,0.6630863908214855,0.9024362235188184
1,3,ඈ,0.9318019011599957,0.7268372239975984,0.9010571995856361
1,4,ඇ,0.9193531904041136,0.7245900939090126,0.8901387259298484
1,5,ඌ,0.8524868135371577,0.6073883272823268,0.815722040598933
1,6,ෆ,0.8607016523860925,0.4598472178212859,0.8005734872013716
1,7,අ,0.7945993882024626,0.6665405855331723,0.7753905678020689
1,8,ල,0.7782670748626426,0.49474341543425715,0.7357385259483847
1,9,න,0.7857983111425715,0.4045546259571432,0.7286117583647572
1,10,උ,0.7220624828668705,0.5295909443346243,0.6931917520870335
1,11,ඳ,0.6439785628616297,0.6362403367212,0.6428178289405653
1,12,භ,0.693903777581965,0.33715080464808966,0.6403908316418837
1,13,ත,0.6873958863929244,0.31833180707168707,0.6320362744947388
1,14,ග,0.6652014125246972,0.42496855983195625,0.6291664846207861
1,15,ඐ,0.6564694919970923,0.37893916318011844,0.6148399426745462
1,16,හ,0.6325513288182258,0.35505427088969,0.5909267701289455
1,17,ඒ,0.6054333865239404,0.48814931313217524,0.5878407755151756
1,18,ක,0.6335596791780687,0.2985481930952125,0.5833079562656402
1,19,ළ,0.6030575950105961,0.47062592190614605,0.5831928440449285
1,20,ඟ,0.626256415006998,0.29724427646183693,0.5769045942252238
1,21,ඉ,0.5846236875471178,0.44191996703479763,0.5632181294702698
1,22,ම,0.5895815880184502,0.39724038929065775,0.5607304082092813
1,23,ව,0.5749544808744278,0.43160461424693275,0.5534520008803036
1,24,ණ,0.5573850702298797,0.4186520019763097,0.5365751099918442
1,25,ථ,0.5561213746239546,0.4073550660174714,0.5338064283329822
1,26,ච,0.5504503057317646,0.43214294335028314,0.5327042013745423
1,27,ඛ,0.5680430777628732,0.3304336397466825,0.5324016620604446
1,28,ට,0.5372323471945053,0.40135760920932073,0.5168511364967276
1,29,ඞ,0.5401488344740129,0.3673431185892615,0.5142279770913002
1,30,ඖ,0.5294745786469326,0.397691501348966,0.5097071170522376
1,31,ඓ,0.531378713686123,0.3823702941868018,0.5090274507612248
1,32,ඏ,0.5431878842965159,0.25082147458491044,0.4993329228397751
1,33,ඣ,0.5209091084212478,0.3330762199758316,0.49273417515443535
1,34,එ,0.51399882825399,0.3622029903425249,0.49122945256727024
1,35,ඵ,0.5080545721674216,0.3685564120064655,0.48712984814327814
1,36,ඹ,0.5032203273871858,0.35354853960894184,0.48076955922044917
1,37,ජ,0.502993087750829,0.313678013578946,0.4745958266250465
1,38,ඊ,0.4794367324126876,0.4373469516707512,0.47312326530139714
1,39,ඔ,0.4946195111435847,0.3402219483449035,0.47145987672378253
1,40,ඩ,0.4891359859045449,0.3608798936979134,0.46989757207355015
1,41,ශ,0.4890823071511693,0.320362571436664,0.46377434679399354
1,42,ඝ,0.5071873811497941,0.15764713304048927,0.45475634393339837
1,43,ඕ,0.47628270461614386,0.3188534079006502,0.4526683101088198
1,44,ධ,0.4700369023945733,0.33111921498729857,0.4491992492834821
1,45,ප,0.48442747972930567,0.20133496526974926,0.4419636025603722
1,46,බ,0.46549287123971095,0.29397459316824825,0.43976512952899155
1,47,ර,0.4272455023797218,0.41697451816820474,0.42570485474799424
1,48,ඪ,0.43534790764679565,0.34281058302554046,0.42146730895360734
1,49,ඍ,0.4467542503652995,0.2667150388785353,0.4197483686422848
1,50,ඨ,0.39551063971854394,0.3473214922025418,0.3882822675911436
1,51,ස,0.42995177502492654,0.14496275993982466,0.38720342276216124
1,52,ද,0.33807501385549177,0.5980306548455059,0.3770683600039939
1,53,ය,0.3814247555151007,0.2905133556639803,0.3677880455374326
1,54,ඬ,0.37472490504146827,0.2774287368850772,0.3601304798180096
1,55,ඎ,0.3191684960973513,0.27494066842444387,0.3125343219464152
1,56,ඡ,0.30028782780380925,0.291557451312759,0.2989782713301517
1,57,ෂ,0.0,0.0,0.0
2,1,ඈ,0.9934649106011011,0.8937693434969872,0.9785105755354839
2,2,ඇ,0.9911405664992823,0.901913302622873,0.9777564769178209
2,3,ආ,0.9511345857652469,0.7101016789465657,0.9149796497424447
2,4,ඤ,0.9287380696265248,0.55540481902403,0.8727380820361507
2,5,අ,0.8439642256551987,0.5893923356406984,0.8057784421530236
2,6,උ,0.8055747523660135,0.6225929052709415,0.7781274753017526
2,7,ඳ,0.7788627097491635,0.6566635401092884,0.7605328343031823
2,8,ල,0.7786207135315861,0.5616444657012178,0.7460742763570309
2,9,ඌ,0.736433208650157,0.6175977866340998,0.7186078953477485
2,10,ෆ,0.7615278443870285,0.4432561771730972,0.7137870943049387
2,11,ව,0.743090701498093,0.4605340132216773,0.7007071982566306
2,12,ළ,0.7223168910934021,0.5260829429820686,0.6928817988767022
2,13,න,0.7391365094856507,0.3731749359449189,0.6842422734545409
2,14,ට,0.7175185243096803,0.4938823998943782,0.683973105647385
2,15,ච,0.7186748698263634,0.479941083253862,0.6828648018404883
2,16,ම,0.7253506309806006,0.43428311786711704,0.6816905040135781
2,17,ඛ,0.7219666087633766,0.38185774140859274,0.670950278660159
2,18,ඒ,0.6791452042634938,0.5956077230882134,0.6666145820872017
2,19,ඞ,0.708981410628813,0.4056971098829807,0.6634887655169383
2,20,ථ,0.677138200061014,0.4980246691869661,0.6502711704299069
2,21,ණ,0.6705830664052332,0.45732736545453734,0.6385947112626289
2,22,ත,0.6961681475061384,0.28620010239040405,0.6346729407387783
2,23,භ,0.6904970293515704,0.31557094717819345,0.6342581170255639
2,24,ඩ,0.6645905625085486,0.41655000558885713,0.6273844789705949
2,25,ග,0.6661662825082555,0.38765738697203644,0.6243899481778226
2,26,ධ,0.6549312693398908,0.436295939356649,0.6221359698424045
2,27,ඊ,0.6338996870259149,0.5220649690283735,0.6171244793262838
2,28,ඖ,0.6428441921370951,0.44917530610984446,0.6137938592330074
2,29,එ,0.6327502763179014,0.4346645337985785,0.603037414940003
2,30,ඹ,0.6410384062902168,0.37490075261651434,0.6011177582391615
2,31,ජ,0.6296220587927911,0.4256349132839594,0.5990239869664663
2,32,ඵ,0.627551066723574,0.42123225017916743,0.5966032442419129
2,33,ඔ,0.6328926038949347,0.38125527945549276,0.5951470052290184
2,34,බ,0.6356668258386938,0.3568375511703077,0.5938424346384359
2,35,ර,0.5930816676007578,0.5687953813598341,0.5894387246646191
2,36,හ,0.6209232905423478,0.31649294075624246,0.5752587380744321
2,37,ඉ,0.6074372934550162,0.38052876224160537,0.5734010137730046
2,38,ඣ,0.6026881589049699,0.40486775299125655,0.5730150980179128
2,39,ඐ,0.6017964143287684,0.3769018582561282,0.5680622309178723
2,40,ක,0.6225717467895968,0.2588876210463341,0.5680191279281074
2,41,ඟ,0.6210317790538071,0.2411224052268629,0.5640453729797654
2,42,ද,0.5432768417912783,0.6440532437183564,0.55839330208034
2,43,ඪ,0.5732115635406574,0.4108094013565925,0.5488512392130477
2,44,ඓ,0.5540908599177232,0.4624880661756211,0.5403504408564079
2,45,ඕ,0.5627506992917108,0.3297439633675341,0.5277996889030844
2,46,ඨ,0.5347606878576227,0.4509471440205475,0.5221886562820613
2,47,ඏ,0.5606875527529356,0.2516108968588032,0.5143260543688157
2,48,ශ,0.5370257883348533,0.29416748145529137,0.500597042302919
2,49,ඝ,0.5522610958355916,0.18028171534608528,0.49646418876216564
2,50,ඬ,0.5311162608088003,0.29632355821711265,0.4958973554200471
2,51,ප,0.527904116576364,0.20190360881782143,0.4790040404125826
2,52,ඍ,0.499308667692139,0.2413670466564981,0.46061742453679283
2,53,ඡ,0.46201328721167245,0.4083485877676287,0.4539635822950659
2,54,ස,0.4926120511021591,0.17716408416190055,0.4452948560611203
2,55,ය,0.44477747638323195,0.3322134772068318,0.42789287650677194
2,56,ඎ,0.33700738771527716,0.25277955629650606,0.32437321300246147
2,57,ෂ,0.0,0.0,0.0
3,1,ඈ,0.9915505539056605,0.9000267235450993,0.9778219793515763
3,2,ඇ,0.9876427329155987,0.8762249177000097,0.9709300606332603
3,3,ආ,0.9594881766358203,0.7129444405748881,0.9225066162266805
3,4,ඤ,0.9364435616176787,0.5522621329993094,0.8788163473249233
3,5,අ,0.8434068225128305,0.5763781022859122,0.8033525144787927
3,6,උ,0.8019530230582259,0.6103023681617669,0.773205424823757
3,7,ල,0.7859164615248013,0.5617042712592464,0.7522846329849682
3,8,ඳ,0.7675878153714583,0.660605037764785,0.7515403987304572
3,9,ඌ,0.7560978490355557,0.6228802559551339,0.7361152100734923
3,10,ෆ,0.7764849458123556,0.43409021270630144,0.7251257358464475
3,11,න,0.7511945008460521,0.3805211866602618,0.6955935037181835
3,12,ව,0.7296584386441762,0.4674643436433066,0.6903293243940458
3,13,ළ,0.7133725351072635,0.5049287553172815,0.6821059681387661
3,14,ට,0.7065433809506804,0.49839027359105315,0.6753204148467363
3,15,ම,0.7181507456030498,0.42957588889263,0.6748645170964869
3,16,ච,0.7056001234735207,0.4897760208255112,0.6732265080763193
3,17,ඒ,0.6799394138746644,0.5890191027128066,0.6663013672003857
3,18,ඛ,0.7139070081830874,0.3847696269491302,0.6645364009979937
3,19,ඞ,0.6978994768370008,0.4109681248011047,0.6548597740316164
3,20,ථ,0.6750434150165678,0.5001165788156778,0.6488043895864343
3,21,ත,0.7022926683817461,0.2883894455469649,0.640207184956529
3,22,භ,0.6964497367880187,0.31326186860859806,0.6389715565611056
3,23,ණ,0.6669866807529696,0.4374838162993656,0.632561251084929
3,24,ග,0.6725676796288943,0.3876342647829645,0.6298276674020049
3,25,ඩ,0.6520733202886189,0.42360794681852443,0.6178035142681046
3,26,ධ,0.6435913674858138,0.43031561167483345,0.6116000041141667
3,27,ඊ,0.6254244219478939,0.5191755571299326,0.6094870922251997
3,28,ඖ,0.637150712393123,0.4502150222876483,0.6091103588773018
3,29,එ,0.6280311847947913,0.44046034993783423,0.5998955595662477
3,30,ජ,0.6247599645795157,0.4296454958859792,0.5954927942754853
3,31,ඹ,0.6340597963939465,0.3733651926594407,0.5949556058337706
3,32,ඵ,0.6231153943020693,0.4224972166159078,0.593022667649145
3,33,ඔ,0.6257422993010313,0.3801471606548732,0.5889030285041076
3,34,බ,0.6254956426298139,0.35190237478803654,0.5844566524535473
3,35,ර,0.58520531290573,0.5706003396624357,0.5830145669192358
3,36,ඐ,0.6145699809567327,0.3902936417009746,0.580928530068369
3,37,හ,0.6271504759704619,0.3147291199150579,0.5802872725621513
3,38,ක,0.6301359454029752,0.26714720264298175,0.5756876339889763
3,39,ඉ,0.6097139517050104,0.3769004397992284,0.5747919249191431
3,40,ඣ,0.6019939561477609,0.40270443018364277,0.5721005272531432
3,41,ඟ,0.6259783532258152,0.24599171203288095,0.568980357046875
3,42,ඓ,0.5601906044794711,0.46364951322533665,0.545709440791351
3,43,ඪ,0.5668118239789857,0.41931801532094526,0.5446877526802796
3,44,ද,0.5236714979848126,0.6366711982850295,0.5406214530298451
3,45,ඕ,0.5604580593497499,0.33127401814482993,0.5260804531690119
3,46,ඨ,0.5302052069456998,0.46146668931904855,0.5198944293017022
3,47,ඏ,0.5650554018513831,0.2528975290479447,0.5182317209308673
3,48,ශ,0.5387084157150005,0.290242288170676,0.5014384965833518
3,49,ඝ,0.553650254338313,0.1726825712960347,0.49650510188197133
3,50,ඬ,0.5177193698188551,0.2999470483312342,0.48505352159571197
3,51,ප,0.5290053245787601,0.2032945827351298,0.4801487133022156
3,52,ඍ,0.49992143720314486,0.23383804508044215,0.46000892838473945
3,53,ඡ,0.45174522163625463,0.41023946909152,0.44551935875454446
3,54,ස,0.491902623507257,0.1695200506974366,0.44354523758578396
3,55,ය,0.4471339113834194,0.3259288447886207,0.4289531513941996
3,56,ඎ,0.3400187902042495,0.2698420578884737,0.32949228035688316
3,57,ෂ,0.0,0.0,0.0
4,1,ඉ,0.9935124469772603,0.8108772913716012,0.9661171736364114
4,2,ත,0.9002840342215066,0.3581214634544685,0.8189596486064509
4,3,අ,0.8967832708104928,0.1597695186631034,0.7862312079883844
4,4,ඕ,0.8637287920756136,0.3184639683235363,0.7819390685128019
4,5,භ,0.8622119256087221,0.30631583526450623,0.7788275120570897
4,6,හ,0.8381873931150168,0.30590600568988247,0.7583451850012466
4,7,ප,0.8594634665538081,0.07913415485744002,0.7424140697993529
4,8,ක,0.809214669112624,0.35971750692793203,0.7417900947849202
4,9,ම,0.7946328311371071,0.323364785701755,0.7239426243218042
4,10,ඊ,0.798452063017669,0.29045834034087514,0.7222530046161498
4,11,ඝ,0.8332127362926124,0.07107032367574073,0.7188913744000817
4,12,ෆ,0.7807954132297943,0.36760362542263547,0.7188166450587204
4,13,ඟ,0.7880402217488441,0.2463086046843891,0.7067804791891759
4,14,න,0.7671388920215376,0.3401752775504092,0.7030943498508683
4,15,ග,0.7687620664277696,0.3123604324916357,0.7003018213373494
4,16,ඳ,0.7875774577916456,0.18874482966702377,0.6977525635729523
4,17,ස,0.803184936153628,0.09497635397747117,0.6969536488272043
4,18,ඏ,0.7877701761761814,0.14113939999384562,0.6907755597488311
4,19,ඹ,0.7584250799081476,0.28667204700351967,0.6876621249724534
4,20,ඔ,0.7497691879710867,0.27289430935951564,0.678237956179351
4,21,ඛ,0.7712624157263547,0.09632231698504279,0.6700214009151578
4,22,ශ,0.742314178452482,0.23887191549693,0.6667978390091492
4,23,ඤ,0.742814764606357,0.1437842311892319,0.6529601845937881
4,24,ඵ,0.720402514576471,0.10362961554563999,0.6278865797218464
4,25,ඒ,0.6975256453559515,0.20417233366251808,0.6235226486019364
4,26,ල,0.6993330666195511,0.1566974078502772,0.61793771780416
4,27,ළ,0.6806810299615453,0.14933349210283198,0.6009788992827384
4,28,ඞ,0.6777264633298672,0.15203364097684058,0.5988725399769133
4,29,ජ,0.6914648988704606,0.04137886997240303,0.593951994535752
4,30,ද,0.6444318807445217,0.28833415823135555,0.5910172223675468
4,31,එ,0.6723052772293034,0.10140807447346101,0.5866706968159271
4,32,බ,0.662680330972991,0.12898884439483227,0.5826266079862671
4,33,ඈ,0.6499529981762889,0.08698414295017098,0.5655076698923712
4,34,ච,0.6290415451680922,0.15719409641734827,0.5582644278554806
4,35,ව,0.6266515775143158,0.14388953186956943,0.5542372706676038
4,36,ඇ,0.6362416431620488,0.0748540153871694,0.5520334989958168
4,37,ආ,0.6194316057160358,0.14149741840356822,0.5477414776191657
4,38,ඡ,0.6003084753752899,0.07506053327178186,0.5215212840597636
4,39,ඩ,0.5912796737047754,0.10518195440622446,0.5183650158099927
4,40,ෂ,0.5873830160392657,0.04089713100331849,0.5054101332838736
4,41,ඪ,0.5742047246675456,0.052626076093089114,0.4959679273813771
4,42,ය,0.5540304744723623,0.1023848262030157,0.48628362723196034
4,43,ඬ,0.553861835731311,0.08422857320433486,0.48341684635226456
4,44,ර,0.5437527565231042,0.11093405089226527,0.47882995067847833
4,45,උ,0.5362026176044388,0.07773923123277204,0.4674331096486888
4,46,ථ,0.5159963566942445,0.08203864761714419,0.45090270033267943
4,47,ට,0.5005576283571582,0.11668510105476548,0.4429767492617993
4,48,ණ,0.45851056398989887,0.2029145387783654,0.42017116020816886
4,49,ඍ,0.4586010022828626,0.07155797221396165,0.40054454777252746
4,50,ඐ,0.4130783744876285,0.17629054368826502,0.377560199867724
4,51,ධ,0.41756023023500655,0.0,0.35492619569975553
4,52,ඨ,0.38541422328230324,0.02531565145757364,0.3313994375085938
4,53,ඣ,0.2918913505222863,0.09172684186713886,0.26186667422401416
4,54,ඖ,0.24979314668376984,0.13639248789800518,0.23278304786590512
4,55,ඌ,0.23808306646309074,0.1885898137564458,0.230659078557094
4,56,ඎ,0.07933569606350122,0.03194204489590591,0.07222664838836192
4,57,ඓ,0.0,0.10240485993017989,0.015360728989526987
5,1,ඊ,0.9963503082519657,0.8243445550932353,0.9705494452781561
5,2,ම,0.9169489023475178,0.4903667096757799,0.8529615734467572
5,3,ඵ,0.9075887350914855,0.4361518224940252,0.8368731982018665
5,4,ඔ,0.9027127274553927,0.43992633815300175,0.8332947690600341
5,5,ර,0.8676078038187027,0.6138978383997633,0.8295513090058618
5,6,ඹ,0.896734239364098,0.41485048994411566,0.8244516769511007
5,7,ඕ,0.8829259325817099,0.45271548707872855,0.8183943657562627
5,8,ඒ,0.8776865278364064,0.47238735692652956,0.8168916521999249
5,9,එ,0.8860387009090417,0.3921523316538008,0.8119557455207556
5,10,ජ,0.8747057288372363,0.430098959101357,0.8080147133768544
5,11,ඞ,0.8601841193305804,0.4142706277886016,0.7932970955992835
5,12,ඛ,0.8595776686830874,0.40439264713813794,0.7912999154513449
5,13,ට,0.8311256882706313,0.4638444472695964,0.7760335021204761
5,14,ච,0.8348001373424814,0.4422264424218513,0.7759140831043868
5,15,ඩ,0.823931250837688,0.4107557850991804,0.7619549309769118
5,16,ව,0.8160298847148748,0.44689722247155794,0.7606599853783773
5,17,ථ,0.8173407268402559,0.40196820153533086,0.7550348480445171
5,18,ඪ,0.8126283603818306,0.42254934291683366,0.7541165077620811
5,19,බ,0.8204595482760775,0.32732590116260873,0.7464895012090571
5,20,ධ,0.7885238418914767,0.3879308425447445,0.7284348919894669
5,21,ඡ,0.7825701800099085,0.3983477413814025,0.7249368142156326
5,22,ළ,0.7999464633108,0.2461457276578607,0.716876352962859
5,23,ඉ,0.7809021519688931,0.252640714684475,0.7016629363762303
5,24,ඨ,0.7373885684871555,0.42512421469513173,0.690548915418352
5,25,ල,0.7467171809772726,0.3399252391163857,0.6856983896981395
5,26,අ,0.7707161909482522,0.15153824843536556,0.6778394995713192
5,27,ග,0.7318789300857432,0.3631099202749649,0.6765635786141265
5,28,ද,0.7227418292561432,0.3916652051916272,0.6730803356464657
5,29,ප,0.7239884540444487,0.3022248750743499,0.6607239171989339
5,30,ඬ,0.7186213416017992,0.3274180503328148,0.6599408479114516
5,31,ඳ,0.7223554700785348,0.30431670660145926,0.6596496555569735
5,32,උ,0.7267423482396915,0.2717733289298043,0.6584969953432085
5,33,ත,0.7133095854916958,0.345047160621062,0.6580702217611007
5,34,ය,0.6958972569536274,0.43424213514363375,0.6566489886821283
5,35,ශ,0.7211279717716941,0.283903407356742,0.6555442871094512
5,36,භ,0.7005377319376587,0.25623804854243015,0.6338927794283744
5,37,ඝ,0.7057470360736404,0.21228902305820507,0.6317283341213251
5,38,ස,0.6765470478222096,0.24828576037346495,0.6123078547048979
5,39,හ,0.6681110423524171,0.2636229078805582,0.6074378221816383
5,40,ඏ,0.633548641843217,0.39715488024076306,0.5980895776028489
5,41,ක,0.6375725276844433,0.3387281419946164,0.5927458698309693
5,42,ඟ,0.6189155289785012,0.2360163106790354,0.5614806462335813
5,43,න,0.5921924071350106,0.3655784990392459,0.558200320920646
5,44,ණ,0.5857804087333461,0.3634030839819916,0.5524238100206429
5,45,ඈ,0.5881532668770635,0.2836419992463859,0.5424765767324619
5,46,ඇ,0.5826992791342795,0.25495060165157213,0.5335369775118735
5,47,ඤ,0.5353431656681678,0.15314768410744006,0.4780138434340586
5,48,ඣ,0.4567313306632679,0.3987640839592155,0.44803624365766
5,49,ආ,0.4128570477230161,0.11811141006327741,0.3686452020740553
5,50,ඖ,0.3597667544680401,0.3730932747146213,0.36176573250502725
5,51,ෆ,0.38168167534727504,0.24781647600436152,0.361601895445838
5,52,ඍ,0.38316049233822824,0.21489212326702511,0.3579202369775478
5,53,ෂ,0.3041341102855806,0.0,0.2585139937427435
5,54,ඐ,0.22706421410877842,0.3882066199315033,0.2512355749821872
5,55,ඓ,0.15060730083845975,0.4056656795375625,0.18886605764332517
5,56,ඌ,0.09044113545749422,0.3066719216175283,0.12287575338149934
5,57,ඎ,0.0,0.1932294994654732,0.02898442491982098
6,1,උ,0.9985806892053773,0.9025637982496159,0.9841781555620132
6,2,ල,0.929546808818722,0.7094264285273312,0.8965287517750133
6,3,ට,0.9052124123553656,0.6504728588621121,0.8670014793313776
6,4,ඒ,0.8907565565335233,0.6218616943365749,0.8504223272039809
6,5,ව,0.876416766664661,0.5896348928566,0.8333994855934518
6,6,ධ,0.865855099525251,0.6206665086795362,0.8290768108983938
6,7,ථ,0.8662564973858538,0.5879755561440911,0.8245143561995893
6,8,ච,0.8598728155599271,0.6005010203360326,0.820967046276343
6,9,ඈ,0.8425129483548865,0.5751704608466763,0.8024115752286549
6,10,ළ,0.8338551334194073,0.6149045140408607,0.8010125405126253
6,11,ඇ,0.8382502167854023,0.5760347074880416,0.7989178903907982
6,12,එ,0.8253088152886638,0.5091926177260344,0.7778913856542694
6,13,ඊ,0.8117005144694496,0.5556725663227876,0.7732963222474503
6,14,ඵ,0.8080047272830839,0.5201622862848239,0.7648283611333448
6,15,ඞ,0.7992490688071789,0.5559900833946807,0.7627602209953043
6,16,ම,0.8073858513070145,0.49925958377423674,0.7611669111770978
6,17,ඩ,0.7960537596780781,0.5614127535700149,0.7608576087618686
6,18,ර,0.7840890081535629,0.6176597146352074,0.7591246141258096
6,19,ඨ,0.7503743035520265,0.5759489763343263,0.7242105044693714
6,20,ජ,0.7645133561652345,0.4554873542072885,0.7181594558715426
6,21,ආ,0.7585684898105973,0.4661342903925505,0.7147033598978902
6,22,ග,0.7514516172725049,0.463679552745741,0.7082858075934902
6,23,අ,0.7470658232159643,0.47899446215078634,0.7068551190561876
6,24,ඔ,0.752000191144,0.4286726573655594,0.7035010610772339
6,25,ඪ,0.7324790437117215,0.4963620030023618,0.6970614876053175
6,26,ඹ,0.7348281962730794,0.4240373663336232,0.688209571782161
6,27,න,0.6928382700152662,0.5133344155708538,0.6659126918486044
6,28,ඤ,0.70438023761879,0.4337392183014408,0.6637840847211877
6,29,ඳ,0.6711364583226802,0.5282531316353692,0.6497039593195836
6,30,ඛ,0.6843603227550198,0.39760421049302963,0.6413469059157213
6,31,ඬ,0.6703238207617667,0.4465482804553087,0.6367574897157979
6,32,භ,0.6731946470323439,0.39820087426374295,0.6319455811170538
6,33,බ,0.6493928471928302,0.45782372327504717,0.6206574786051627
6,34,ඣ,0.6376539946286505,0.5177321959813349,0.6196657248315531
6,35,ඕ,0.6593089044902463,0.34888490822293716,0.6127453050501499
6,36,ඌ,0.6093266289923872,0.6246330852549062,0.6116225974317651
6,37,හ,0.6290684312500388,0.41284451388961463,0.5966348436459752
6,38,ණ,0.6126126495225503,0.46051150747824987,0.5897974782159052
6,39,ත,0.6110698245697042,0.40986752923353176,0.5808894802692783
6,40,ඟ,0.6108855378482627,0.33868489169938987,0.5700554409259319
6,41,ද,0.5596549218509039,0.5671290177681052,0.5607760362384842
6,42,ය,0.5794341487624286,0.4164299404923735,0.5549835175219203
6,43,ක,0.5810033671705341,0.37226219075264555,0.5496921907078508
6,44,ඖ,0.5540182364465418,0.4702883451493983,0.5414587527519703
6,45,ඉ,0.5681561214376245,0.38624203273798874,0.5408690081326791
6,46,ෆ,0.5397463824104389,0.5191368111357089,0.5366549467192294
6,47,ශ,0.5745125676233412,0.31508996509669973,0.535599177244345
6,48,ඡ,0.5580839317687127,0.40673752888222536,0.5353819713357396
6,49,ඓ,0.5389383583492253,0.49289063686792467,0.5320312001270302
6,50,ප,0.5238070119520652,0.2789075670336775,0.48707209521430705
6,51,ඏ,0.511941292873211,0.28917246008445496,0.4785259679548976
6,52,ඝ,0.5178931273828057,0.24797555354941625,0.47740549130779725
6,53,ඐ,0.4503875257103308,0.41194224110931255,0.44462073302017807
6,54,ස,0.44079398905017886,0.26849924782797074,0.41494977786684767
6,55,ඍ,0.3783504578620307,0.28149333525606735,0.3638218894711362
6,56,ඎ,0.17874774503160273,0.25413586012410105,0.1900559622954775
6,57,ෂ,0.0,0.0,0.0
7,1,ඌ,0.999237621544474,0.9043261412927148,0.9850008995067102
7,2,ආ,0.858301354191424,0.5512609795212322,0.8122452979908952
7,3,ඤ,0.8354950585396409,0.46222648834792557,0.7795047730108836
7,4,ල,0.7681496019071733,0.6527059015529966,0.7508330468540468
7,5,න,0.7997519976250335,0.424734964956648,0.7434994427247756
7,6,ඐ,0.8077896480566931,0.3718731345320878,0.7424021710280023
7,7,ඈ,0.7576946073139441,0.5800001970677551,0.7310404457770158
7,8,ඓ,0.7672028440814138,0.48533147466749327,0.7249221386693258
7,9,ෆ,0.7427696413054171,0.52999440858156,0.7108533563968386
7,10,ඇ,0.7324598914717677,0.5801050161307784,0.7096066601706194
7,11,උ,0.6555041254177553,0.627975610488575,0.6513748481783782
7,12,ග,0.668952414084305,0.43454259558495023,0.6337909413094017
7,13,ඣ,0.6567941850878009,0.4169150030365043,0.6208123077801063
7,14,ඖ,0.6078442429277129,0.4796438003640795,0.5886141765431678
7,15,ත,0.6301668262301581,0.3501196265658635,0.5881597462805138
7,16,භ,0.6315461329091963,0.33879111158920006,0.5876328797111968
7,17,ථ,0.5968600594969709,0.5325044652603981,0.5872067203614849
7,18,ක,0.6297601778650632,0.3268553940858182,0.5843244602981764
7,19,ණ,0.6012163790110077,0.444238858224702,0.5776697508930618
7,20,හ,0.5938915449012343,0.37263282419012267,0.5607027367945676
7,21,ඒ,0.5632708997037825,0.5447120858280288,0.5604870776224194
7,22,අ,0.5549779468282623,0.5151564168457927,0.5490047173308918
7,23,ඟ,0.5850140456300219,0.32214081013399876,0.5455830603056184
7,24,ඏ,0.5504484312144218,0.29660251842823326,0.5123715442964935
7,25,ට,0.5072881142381775,0.5168557765826345,0.5087232635898461
7,26,ඎ,0.5420221494612754,0.28157628493943,0.5029552697829985
7,27,ඍ,0.5445299498243346,0.25328769273213636,0.5008436112605048
7,28,ළ,0.5032374264285602,0.45903266180466873,0.49660671173497645
7,29,ඵ,0.4924374556501808,0.497624819178331,0.4932155601794034
7,30,ම,0.5009948448463502,0.4392535269440636,0.4917336471610072
7,31,ඨ,0.4860617700260311,0.5051367141556479,0.48892301164547364
7,32,ජ,0.49724950911285015,0.4239609451731994,0.48625622452190254
7,33,ශ,0.5176763334866896,0.30167455540682087,0.4852760667747093
7,34,ය,0.5025474780734926,0.38339464338617335,0.48467455287039474
7,35,එ,0.4894699975277198,0.4513643320928813,0.48375414771249403
7,36,ධ,0.4828036441168646,0.4341818939796165,0.47551038159627734
7,37,ඛ,0.4848243196393315,0.4017949640233366,0.47236991629693226
7,38,ඞ,0.4715133607483648,0.4401229413301566,0.46680479783563356
7,39,ඪ,0.4608051885594582,0.4378190510238842,0.4573572679291221
7,40,ව,0.4458370948111573,0.5223750330697907,0.4573177855499523
7,41,ර,0.4334109996908492,0.5596553985012267,0.4523476595124058
7,42,ඹ,0.4566292721603923,0.40399643740871916,0.44873434694764136
7,43,ච,0.44007891697767776,0.4849617266000863,0.44681133842103904
7,44,ඔ,0.4479219208473725,0.3976038729952961,0.44037421366956103
7,45,ඝ,0.4758730239145419,0.19843492276117491,0.43425730874153684
7,46,ඩ,0.4354308050589507,0.4238352343130255,0.43369146944706194
7,47,බ,0.42861988972282683,0.38486976683071383,0.4220573712890099
7,48,ඉ,0.406996075961219,0.4406597791468947,0.41204563143907036
7,49,ප,0.4402588989359404,0.24192881399076616,0.4105093861941642
7,50,ඕ,0.41785849305315004,0.36452582637358155,0.40985859305121475
7,51,ඊ,0.379815917954902,0.5221651300971243,0.40116829977623536
7,52,ඳ,0.3567138767423087,0.5604557505320724,0.38727515781077326
7,53,ස,0.4010618214129711,0.18340191003042994,0.3684128347055899
7,54,ඬ,0.3122204775461034,0.37770897541594484,0.3220437522265796
7,55,ඡ,0.30045700349462656,0.3844319845248254,0.31305325064915634
7,56,ද,0.06454988849180177,0.5519828374003781,0.13766483082808822
7,57,ෂ,0.0,0.0,0.0
8,1,ඍ,0.99476483028532,0.7956756503900259,0.9649014533010258
8,2,ඎ,0.9032973795640736,0.5050570947998593,0.8435613368494415
8,3,ඏ,0.9083420591167373,0.46309839063178215,0.841555508843994
8,4,ඐ,0.8920179024296727,0.5382331600845015,0.838950191077897
8,5,ශ,0.8920157526038556,0.4374696855192898,0.8238338425411706
8,6,ක,0.868097884810843,0.5216554142080985,0.8161315142204313
8,7,ස,0.8706475945497036,0.4478748072207892,0.8072316764503665
8,8,ඝ,0.8764298406094453,0.3502768510249217,0.7975068921717667
8,9,ඖ,0.869576555588384,0.25421135516865034,0.7772717755254239
8,10,ණ,0.8545669994460677,0.3004422182376518,0.7714482822648053
8,11,ඟ,0.8290006774306338,0.4442244293012848,0.7712842402112314
8,12,ත,0.8229741156231427,0.4553382448046932,0.7678287350003753
8,13,ප,0.822452233655907,0.43595689063731125,0.7644779322031177
8,14,ඣ,0.8316637004637321,0.28737438760666023,0.7500203035351712
8,15,හ,0.7921875068536461,0.43713707728454787,0.7389299424182814
8,16,න,0.7892154729596893,0.4517132664024063,0.7385901419760968
8,17,භ,0.7918700222340365,0.42719242056644124,0.7371683819838972
8,18,බ,0.8091372659283812,0.21836543821133403,0.7205214917708241
8,19,ග,0.7669401854984714,0.445453580711912,0.7187171947804875
8,20,ඛ,0.7983593158387757,0.2500840958247983,0.7161180328366791
8,21,ඹ,0.7823673617347973,0.315853912299374,0.7123903443194838
8,22,ඕ,0.7410237472986352,0.43411151939539316,0.6949869131131489
8,23,ඞ,0.7545868573209209,0.35090918563289875,0.6940352065677176
8,24,ඔ,0.7572755266672017,0.33177166764804533,0.6934499478143282
8,25,ඬ,0.7412897204578127,0.3796491239563562,0.6870436309825942
8,26,ය,0.7328039966471569,0.4271409825438871,0.6869545445316664
8,27,ම,0.746900365635474,0.33500102494909,0.6851154645325164
8,28,ඡ,0.7373292792605026,0.2995130185025465,0.6716568401468092
8,29,ඩ,0.7156049108336687,0.3143590083148634,0.6554180254558479
8,30,ඪ,0.7152832398714413,0.3133217540806509,0.6549890170028227
8,31,ජ,0.7273626335595234,0.21798558415073233,0.6509560761482046
8,32,ළ,0.7065976319050422,0.19481752816567144,0.6298306163441366
8,33,ඵ,0.6753734802140527,0.3538840055714171,0.6271500590176574
8,34,ඓ,0.645230707415094,0.20903976138131053,0.5798020655100264
8,35,ච,0.6170343956525948,0.3339533041082632,0.574572231920945
8,36,එ,0.6147179619459341,0.30467960685706563,0.5682122086826038
8,37,ෂ,0.6162028644580404,0.2835679601129073,0.5663076288062704
8,38,ව,0.5728509810100346,0.3603683533259531,0.5409785868574224
8,39,ඤ,0.5859136208708157,0.01093126451307136,0.49966626741715403
8,40,ඈ,0.5164624558434328,0.10407374367654887,0.4546041490184002
8,41,ඇ,0.504675720789599,0.10358310531909354,0.44451182846902315
8,42,ඊ,0.45694235690737695,0.3705972485001744,0.44399059064629653
8,43,ඨ,0.47835963033148143,0.2118902709479058,0.43838922642394507
8,44,ධ,0.4783727234855596,0.19696755841061497,0.4361619487243179
8,45,ර,0.46390719707239925,0.2625244866970897,0.43369979051610286
8,46,ඉ,0.4621634033398587,0.18142863191253955,0.4200531876257608
8,47,ල,0.4523024641477986,0.20008464167936213,0.41446979077753315
8,48,ථ,0.4294853659307204,0.21139935088586648,0.3967724636739923
8,49,ට,0.4290838075387706,0.1872899593055094,0.39281473030378145
8,50,ආ,0.4308500719930629,0.040550646172258675,0.37230515811994225
8,51,ඌ,0.4112814282739157,0.14640691747565637,0.37155025165417677
8,52,ෆ,0.3956425254671797,0.15245031197661918,0.3591636934435956
8,53,ඒ,0.3585803590182245,0.14695322793236076,0.3268362893553449
8,54,උ,0.3083617820611847,0.11080198704388278,0.27872781280858944
8,55,අ,0.2998948021981427,0.0,0.25491058186842125
8,56,ඳ,0.22071237838469948,0.161485965528105,0.2118284164562103
8,57,ද,0.0,0.19485818209497285,0.02922872731424593
9,1,ඎ,0.9961188700923285,0.8705228150618576,0.9772794618377578
9,2,ඍ,0.9576759098927438,0.5471265655141859,0.89609350823596
9,3,ඐ,0.9138734399296964,0.5031258052694029,0.8522612947306524
9,4,ඖ,0.8856680112115602,0.32952003812261144,0.8022458152482179
9,5,ඣ,0.8261934034707187,0.3154534215002508,0.7495824061751485
9,6,ණ,0.8154981701303201,0.3497581043650305,0.7456371602655267
9,7,ඏ,0.7783153029010056,0.43190024054632326,0.7263530435478033
9,8,ශ,0.7530302339019297,0.4661297343675471,0.7099951589717722
9,9,ඓ,0.7759746075588903,0.29152608505782807,0.7033073291837308
9,10,ක,0.7298549892826273,0.5034420010196953,0.6958930410431875
9,11,ස,0.7329587228457506,0.3844503621673392,0.6806824687439889
9,12,ඝ,0.7260629071472842,0.3572993121739789,0.6707483679012883
9,13,ත,0.6878959629908687,0.4314958580207602,0.6494359472453524
9,14,න,0.6939198302821915,0.36726758730174713,0.6449219938351248
9,15,බ,0.7120493757855215,0.25581683881683037,0.6436144952402179
9,16,ඟ,0.6699959121226984,0.39117268316519505,0.6281724277790729
9,17,ඛ,0.6876261677147086,0.2789533015114186,0.6263252377842151
9,18,ප,0.6655662145750239,0.3896641585638929,0.6241809061733542
9,19,ය,0.663110324423832,0.39824979015318307,0.6233812442832346
9,20,ඹ,0.6372352126784782,0.3989721557823279,0.6014957541440556
9,21,හ,0.6349282950747553,0.37427737118131876,0.5958306564907399
9,22,ඞ,0.6335326798674287,0.3622884038964971,0.592846038471789
9,23,භ,0.6330948396108897,0.3620872952643913,0.592443707958915
9,24,ඡ,0.6333822318333261,0.34423045710642775,0.5900094656242914
9,25,ග,0.6240026886889043,0.38681499822042353,0.5884245351186322
9,26,ඪ,0.6118650637358638,0.3729284564732499,0.5760245726464718
9,27,ඔ,0.608952945079869,0.3848017672348396,0.5753302684031146
9,28,ඬ,0.5925725197040133,0.409815280931794,0.5651589338881804
9,29,ඩ,0.6022641041466796,0.3510385354833393,0.5645802688471786
9,30,ම,0.5944443614111526,0.3869374573693739,0.5633183258048858
9,31,ජ,0.6044006196204526,0.28222020437499196,0.5560735573336335
9,32,ඕ,0.5668767231951732,0.46708158915730924,0.5519074530894936
9,33,ඵ,0.541406631445414,0.40007842688512363,0.5202074007613705
9,34,ඌ,0.5642646973282252,0.2199244554967016,0.5126136610534966
9,35,ළ,0.5563732339849976,0.23343343742326272,0.5079322645007374
9,36,ඤ,0.5678117067539441,0.0,0.4826399507408525
9,37,ෂ,0.49564132966699814,0.30868175433662104,0.4675973933674416
9,38,ච,0.4935128431697512,0.3037886227663481,0.46505421010924075
9,39,එ,0.48624733713324064,0.34333583280549074,0.46481061148407815
9,40,ව,0.45751766062051236,0.33897635244343616,0.439736464393951
9,41,ඨ,0.47083090106993186,0.26334939166300764,0.43970867465889324
9,42,ඈ,0.4829409436053267,0.10960328935256358,0.42694029546741225
9,43,ධ,0.46293322908258205,0.22193129961158897,0.4267829396619331
9,44,ඇ,0.4710164786860861,0.0726747177041337,0.4112652145387933
9,45,ර,0.42049692534513516,0.25345424232836233,0.3954405228926192
9,46,ථ,0.41804773508226467,0.2560776456056876,0.3937522216607781
9,47,ට,0.4121424503644183,0.20300990337987146,0.3807725683167363
9,48,ආ,0.42759024900641973,0.06260204833104122,0.3728420189051129
9,49,ල,0.3880441414713264,0.20722577119403818,0.3609213859297331
9,50,ඊ,0.34371489898951313,0.34888099873231615,0.3444898139509336
9,51,ෆ,0.38002233783078754,0.13015371479016513,0.34254204437469415
9,52,ඉ,0.32260018133844814,0.20906848883761886,0.30557042746332375
9,53,ඒ,0.27205950808785617,0.12705011762242313,0.2503080995180412
9,54,උ,0.27750886986456724,0.08983727164285471,0.24935813013131036
9,55,අ,0.22543291172560787,0.08198818338546754,0.20391620247458683
9,56,ඳ,0.18274174928530884,0.15474002665804454,0.17854149089121918
9,57,ද,0.0,0.18615005518346894,0.027922508277520346
10,1,ඏ,0.9839342318293202,0.7843842867444253,0.9540017400665859
10,2,ක,0.9904031963379804,0.5605838721023397,0.9259302977026342
10,3,ත,0.9737223428864294,0.570490372468863,0.9132375473237945
10,4,ඝ,0.970506943299304,0.5266285964261701,0.9039251912683338
10,5,ප,0.9481773423822064,0.6465496506639302,0.9029331886244649
10,6,භ,0.9617872449699695,0.4835043663486668,0.8900448131767741
10,7,ඟ,0.9577328246407677,0.49060864476275423,0.8876641976590657
10,8,හ,0.9596603606427149,0.45369988789257365,0.8837662897301937
10,9,ස,0.930209446173142,0.588536001349065,0.8789584294495304
10,10,ශ,0.9473233444622209,0.36292526660256674,0.8596636327832727
10,11,න,0.9158888819611122,0.5328599138703614,0.8584345367474995
10,12,ග,0.9082584637165952,0.37639890153610056,0.8284795293895211
10,13,ඕ,0.8855228349835857,0.3347168093265058,0.8029019311350237
10,14,ඍ,0.8149400547055768,0.4465615803062336,0.7596832835456754
10,15,ම,0.8124392517489012,0.3437257618700189,0.7421322282670688
10,16,ඹ,0.819822771207159,0.29219589459536255,0.7406787397153894
10,17,ඔ,0.8014694184628197,0.2773710817471927,0.7228546679554757
10,18,ඐ,0.7613085706535389,0.47097354766401067,0.7177583172051096
10,19,ඛ,0.7879691325759929,0.31927047958657706,0.7176643346275804
10,20,ය,0.7169952157974265,0.48414169400908924,0.682067187529176
10,21,ජ,0.7570169087419907,0.2388553062210561,0.6792926683638505
10,22,ඵ,0.7449928261511773,0.28981061333463,0.6767154942286951
10,23,ඞ,0.7232532591882131,0.3142793473599591,0.661907172413975
10,24,ඉ,0.7281643582715094,0.26483398282826,0.658664801955022
10,25,බ,0.7355754059278614,0.2224309574194414,0.6586037386515984
10,26,ළ,0.741673873504175,0.1858239057864568,0.6582963783465172
10,27,ඬ,0.6821738015239132,0.37774652460799807,0.6365097099865259
10,28,ෂ,0.6650756709171084,0.4073416580341256,0.6264155689846609
10,29,ණ,0.6845268977956471,0.2530542640009824,0.6198060027264474
10,30,ඪ,0.6773189353470785,0.25310054521919967,0.6136861768278967
10,31,ඡ,0.6786749135573037,0.23016345386147685,0.6113981946029297
10,32,එ,0.6747300817735208,0.22624548250348486,0.6074573918830154
10,33,ඩ,0.6494835000340419,0.29176018999078157,0.5958250035275529
10,34,ඤ,0.6576963683580438,0.0514434062477821,0.5667584240415046
10,35,ච,0.5997815085056908,0.3336840996622322,0.559866897179172
10,36,ඊ,0.5655231803890157,0.47771660388952364,0.5523521939140918
10,37,ල,0.6070844104202635,0.23952731717805553,0.5519508464339323
10,38,ඣ,0.6125492624014304,0.20449401342181672,0.5513409750544883
10,39,ෆ,0.5789377888188995,0.2697988037174447,0.5325669410536812
10,40,ව,0.5591458645504066,0.36590618008606013,0.5301599118807546
10,41,ඖ,0.5621622646318343,0.20220799694099212,0.508169124478208
10,42,ඎ,0.5220725810868685,0.3734722443983971,0.4997825305835978
10,43,ඈ,0.5218689075239268,0.06942843858154191,0.45400283718256906
10,44,ඒ,0.5041686596405182,0.14943755243904822,0.45095899356029767
10,45,අ,0.5015141675225442,0.08671395992852382,0.4392941363834411
10,46,ඇ,0.4986645458279598,0.04551315345625362,0.43069183697220387
10,47,ආ,0.49243220206374483,0.0,0.41856737175418307
10,48,ර,0.4233648238750459,0.34180189965262164,0.4111303852416823
10,49,ථ,0.4012890329494735,0.2081974432596403,0.37232529449599855
10,50,ඨ,0.36936065105485927,0.19637593147034804,0.34341294311718257
10,51,ට,0.34174439533187606,0.2101994403584092,0.322012652085856
10,52,ධ,0.3438704532177851,0.166191233466371,0.317218570255073
10,53,උ,0.3481503418120542,0.10830983563104091,0.31217426588490216
10,54,ඓ,0.3008801301870402,0.22417285390605757,0.2893740387448928
10,55,ඳ,0.29491482324379414,0.2223819779705105,0.2840348964528016
10,56,ඌ,0.2927180868698468,0.15970672753890436,0.27276638297020545
10,57,ද,0.0,0.2583498366816145,0.03875247550224218
11,1,ඐ,0.9954050675637932,0.8044182355512977,0.9667570427619189
11,2,න,0.9142034025430731,0.43450372363852185,0.8422484507073904
11,3,ඍ,0.881529205342784,0.497666283746089,0.8239497671032797
11,4,ක,0.8726460191910046,0.4386769979574602,0.8075506660059729
11,5,ඎ,0.8501053388027721,0.42814813012974506,0.786811757501818
11,6,ඏ,0.8525800350291863,0.4090534445071643,0.786051046450883
11,7,ඟ,0.8347884067434109,0.4901384428348311,0.7830909121571239
11,8,ත,0.8381256143719479,0.4202866387204818,0.7754497680242279
11,9,භ,0.8248456796606708,0.4813010674034941,0.7733139878220943
11,10,හ,0.8172782027365698,0.49917350459611753,0.7695624980155019
11,11,ග,0.8005530851661355,0.5032505481997276,0.7559577046211743
11,12,ශ,0.7866552679710517,0.41955919675387254,0.7315908572884748
11,13,ඌ,0.7996858608365253,0.20664183456833118,0.7107292568962962
11,14,ඖ,0.7797336179185019,0.2766527451583345,0.7042714870044768
11,15,ඝ,0.7845968734139702,0.18371813222921707,0.6944650622362573
11,16,ඣ,0.7760474841622297,0.23054002918804073,0.6942213659161013
11,17,ප,0.7440182326849873,0.29067180542284143,0.6760162685956654
11,18,ස,0.742619131653441,0.2625688271776623,0.670611585982074
11,19,ණ,0.7418097886238567,0.2658837625127334,0.6704208847071882
11,20,ඤ,0.7823893312159129,0.0,0.665030931533526
11,21,ඓ,0.7366529458707658,0.19790593003306534,0.6558408934951107
11,22,ෆ,0.7072039639385187,0.16906356819743873,0.6264829045773567
11,23,ආ,0.7163895418261047,0.10900895444389969,0.6252824537187739
11,24,ඛ,0.6524858960597013,0.3054010064951933,0.600423162625025
11,25,ඕ,0.6333750759029817,0.3974989520149844,0.597993657319782
11,26,ය,0.6432446702104458,0.32948974429650624,0.5961814313233549
11,27,ම,0.637448755911818,0.3559952093779648,0.59523072393174
11,28,ඹ,0.6346783016308037,0.3212051431073053,0.587657327852279
11,29,ඈ,0.6664545363981489,0.1404605742088455,0.5875554420697534
11,30,ල,0.6462223670448409,0.20456671859493103,0.5799740197773544
11,31,ඞ,0.6177768453628615,0.3472588628480616,0.5771991479856415
11,32,ඔ,0.6152996837737204,0.3189717733430847,0.5708504972091251
11,33,බ,0.6199858053253917,0.27135916923255343,0.5676918099114661
11,34,ඇ,0.6433745013149772,0.09376520533302057,0.5609331069176837
11,35,ළ,0.627086016612111,0.1485369445580862,0.5553036558040073
11,36,ජ,0.6132790387480005,0.20578284098546917,0.5521546090836208
11,37,ඵ,0.5873109320557119,0.3007185715728511,0.5443220779832828
11,38,ඪ,0.578453679678,0.25231046332155105,0.5295321972245326
11,39,ඬ,0.5531330874328337,0.38556699192849353,0.5279981731071828
11,40,ඩ,0.5688908210928584,0.27883927415320786,0.5253830890519108
11,41,එ,0.5418246984806789,0.2457018329843812,0.4974062686562343
11,42,ච,0.5233014362590154,0.29036793080179,0.4883614104404316
11,43,ව,0.507231616208871,0.31027767715372245,0.47768852535059875
11,44,ඡ,0.518176067541113,0.22795878288100302,0.47464347484209646
11,45,ඉ,0.5213220106933222,0.18722931637458196,0.47120810654551115
11,46,ෂ,0.48303362849912557,0.14286268622321685,0.4320079871577393
11,47,උ,0.46617799955456285,0.12321614053636398,0.414733720701833
11,48,ථ,0.46184378904167556,0.13788762406335764,0.41325036429492784
11,49,ඒ,0.4400387707632454,0.16301542724244344,0.39848526923512506
11,50,ඊ,0.39341945270269885,0.3397477051123807,0.38536869056415113
11,51,ඨ,0.4273668501633433,0.14319510945827085,0.3847410890575825
11,52,අ,0.45009898443966023,0.010799892804334577,0.3842041206943614
11,53,ධ,0.4242708211646735,0.1352237472678205,0.38091376008014555
11,54,ට,0.4149661087515303,0.16228356543935907,0.3770637272547046
11,55,ර,0.38750440916368833,0.21843108252865318,0.36214341016843304
11,56,ඳ,0.29748483851842855,0.1937679223733625,0.28192730109666864
11,57,ද,0.0,0.17047400729551587,0.025571101094327385
12,1,එ,0.9930326497580723,0.7588392673181756,0.9579036423920878
12,2,ඵ,0.9888262959403664,0.6937866268790491,0.9445703455811688
12,3,ජ,0.9715507764232111,0.6043706591679637,0.916473758834924
12,4,ඪ,0.9410679370734503,0.7184199321221034,0.9076707363307482
12,5,ම,0.9560652694631372,0.5650722801765231,0.8974163210701451
12,6,ඔ,0.955154651686611,0.5206855451648,0.8899842857083393
12,7,ඹ,0.9402429231472446,0.4675364390840966,0.8693369505377724
12,8,ඞ,0.8872151172724754,0.6073759141350981,0.8452392368018689
12,9,ඩ,0.8864106170181703,0.6036262062273883,0.843992955399553
12,10,ච,0.8643732461777984,0.6622708972046844,0.8340578938318313
12,11,ඒ,0.8904577126577354,0.465927198231584,0.8267781354938126
12,12,ර,0.8673275102002299,0.5657643805518856,0.8220930407529783
12,13,ඊ,0.8661926260750419,0.49094656327389463,0.8099057166548698
12,14,ඕ,0.8727766509530084,0.45303446150241466,0.8098153225354192
12,15,ළ,0.9035256989140517,0.27447781905137403,0.80916851693465
12,16,ථ,0.8326601299240868,0.6024059567831799,0.7981220039529507
12,17,ඬ,0.8224076337616548,0.5331612188017925,0.7790206715176755
12,18,ව,0.8155651625074495,0.5663044765120486,0.7781760596081394
12,19,ඨ,0.8195764303714445,0.5329480587989179,0.7765821746355654
12,20,ඡ,0.8151496828301269,0.5270408586230209,0.771933359199061
12,21,ග,0.8369820155129921,0.30099716438245927,0.7565842878434121
12,22,බ,0.8140546331792622,0.3958644067366779,0.7513260992128746
12,23,ඛ,0.8128855456272692,0.3857141380970033,0.7488098344977293
12,24,ධ,0.7913022708653822,0.44762906439878936,0.7397512898953933
12,25,ය,0.8023657586102679,0.36091631149057446,0.7361483415423139
12,26,ට,0.7592583760420621,0.5003384221561408,0.7204203829591739
12,27,ල,0.7581926117999112,0.3995928705776213,0.7044026506165677
12,28,ශ,0.7791362879859755,0.16746923317998708,0.6873862297650772
12,29,ණ,0.7129655816610363,0.4850132805429975,0.6787727364933305
12,30,උ,0.7160617877236027,0.32984235253658656,0.6581288724455503
12,31,ඣ,0.6587736497103007,0.6392834755576418,0.6558501235874018
12,32,භ,0.7114888219613029,0.3293958505564143,0.6541748762505697
12,33,හ,0.6750087655808517,0.2670828021489362,0.6138198710660643
12,34,ක,0.6608726445701497,0.33048901503577965,0.6113151001399942
12,35,ත,0.6448593925081076,0.3832989533775286,0.6056253266385208
12,36,ඟ,0.6606116191337147,0.23794962242215523,0.5972123196269808
12,37,න,0.6223731908863969,0.3905942863130323,0.5876063552003922
12,38,ඝ,0.6589088117613531,0.17448443233817412,0.5862451548478762
12,39,ප,0.6405187809912067,0.24090393845482372,0.5805765546107493
12,40,ඏ,0.6132138564191569,0.2707178021557125,0.5618394482796403
12,41,ස,0.5887549307438751,0.26007872380645225,0.5394534997032616
12,42,ඈ,0.5060609615788226,0.2629967063173819,0.46960132328960646
12,43,ඖ,0.4728521140033125,0.4316070891607182,0.46666536027692335
12,44,ඇ,0.4980248474347764,0.2476637548620707,0.46047068354887055
12,45,ඉ,0.5008713107242648,0.15686912537164466,0.4492709829213718
12,46,අ,0.49426014027916,0.13570337999694126,0.44047662623682715
12,47,ඍ,0.40469555772533106,0.2853484854904126,0.3867934968900933
12,48,ඤ,0.39947493389939526,0.15863099672154468,0.36334834332271765
12,49,ඓ,0.3092989969831632,0.5822066005434873,0.35023513751721186
12,50,ආ,0.315036963581929,0.14534161959248948,0.28958266198351307
12,51,ඐ,0.25522550130448973,0.3896713671649077,0.2753923811835524
12,52,ඳ,0.2798892507560734,0.19762778111073576,0.26755003030927277
12,53,ද,0.1508085226457927,0.2973555877926096,0.17279058241781522
12,54,ෆ,0.09739452291109885,0.187508751980344,0.11091165727148562
12,55,ෂ,0.09154900966812662,0.0,0.07781665821790763
12,56,ඌ,0.024619765794181347,0.2833666797462422,0.06343180288699048
12,57,ඎ,0.0,0.24038355589397276,0.03605753338409592
13,1,ඒ,0.9847611419285043,0.8565696073430255,0.9655324117406825
13,2,එ,0.9591331711857242,0.5873876249121289,0.9033713392446849
13,3,ඵ,0.934459194142213,0.5775431142146086,0.8809217821530723
13,4,ජ,0.9003551413105468,0.5785665812332618,0.8520868572989541
13,5,ථ,0.9022833020233376,0.5484565752131728,0.8492092930018129
13,6,ර,0.873486886940124,0.6270134840651507,0.836515876508878
13,7,ඊ,0.8675280631098914,0.6351250783502627,0.832667615395947
13,8,ල,0.8944965645512859,0.4760723026766823,0.8317329252700953
13,9,ම,0.8774701801364715,0.5283315531268149,0.825099386085023
13,10,ඪ,0.8656691937452605,0.5303407770669544,0.8153699312435146
13,11,ඔ,0.8618907831881855,0.4796313890351054,0.8045518740652234
13,12,ඨ,0.8437857234639431,0.5289338256468756,0.7965579387913829
13,13,උ,0.8499118108023992,0.48951492239494765,0.7958522775412814
13,14,ඹ,0.8423791820894155,0.44377236995278624,0.7825881602689211
13,15,ළ,0.8419650039455747,0.40608382013339706,0.776582826373748
13,16,ග,0.839581473103824,0.38980639680834095,0.7721152116595016
13,17,ච,0.8106136663633872,0.5508622566606931,0.7716509549079831
13,18,ට,0.7944087203984735,0.5753466589773673,0.7615494111853075
13,19,ධ,0.7993626023794729,0.494833451044406,0.7536832296792129
13,20,ඩ,0.7957919455969189,0.48534461671962137,0.7492248462653243
13,21,ඕ,0.8042453673289861,0.4344590587208035,0.7487774210377587
13,22,ඞ,0.7938814587048673,0.49051702258116514,0.7483767932863119
13,23,ව,0.7811348360561037,0.5306760267595303,0.7435660146616176
13,24,ය,0.7689479731803439,0.3700237532178319,0.709109340185967
13,25,ඛ,0.7256523659734362,0.4515427874394693,0.6845359291933412
13,26,ඡ,0.7026722185890047,0.5156046874452136,0.6746120889174361
13,27,බ,0.7044773845234411,0.41597060370888406,0.6612013674012576
13,28,ඬ,0.7054071327886156,0.3747426868620788,0.655807465899635
13,29,භ,0.7116758665980333,0.3066387173537578,0.650920294211392
13,30,න,0.6807144570345763,0.4004887533654484,0.6386806014842072
13,31,ශ,0.7006895715867187,0.2806911082917791,0.6376898020924777
13,32,ණ,0.6509642177776989,0.5030503534949821,0.6287771381352913
13,33,හ,0.6715209631980457,0.29041307298829133,0.6143547796665825
13,34,අ,0.6540249206835244,0.37179835232598957,0.6116909354298941
13,35,ඣ,0.6250920360802281,0.506879812589322,0.6073602025565922
13,36,ඈ,0.6231606443393328,0.5130363043968456,0.6066419933479598
13,37,ත,0.6397931598323985,0.33291336460437115,0.5937611905481943
13,38,ඇ,0.6105636202365894,0.4925861876462847,0.5928670053480436
13,39,ක,0.6426858100117696,0.28377554405147376,0.5888492701177253
13,40,ඟ,0.6410802361798051,0.24885699238891068,0.582246749611171
13,41,ඉ,0.5826512391649766,0.3276119614900186,0.544395347513733
13,42,ප,0.5832811550971095,0.20783057078181755,0.5269635674498158
13,43,ඝ,0.589472289392981,0.14577859875902732,0.522918235797888
13,44,ඤ,0.5483131243525217,0.3431902794355107,0.51754469761497
13,45,ඏ,0.5599664644218143,0.27495656218816933,0.5172149790867676
13,46,ආ,0.5345100408983104,0.34798470935364323,0.5065312411666103
13,47,ස,0.5066287230033795,0.17829844584117938,0.45737918142904943
13,48,ඖ,0.42340786003542674,0.5262079369719244,0.4388278715759014
13,49,ඓ,0.41504342488489177,0.5262914471762885,0.4317306282286013
13,50,ඳ,0.4170906408167738,0.4740272895556654,0.42563113812760756
13,51,ඌ,0.33141314273511757,0.4704524061095494,0.35226903224128236
13,52,ෆ,0.34670030589889,0.3430379622859845,0.3461509543569542
13,53,ද,0.2920916275233856,0.5546612956812957,0.33147707774707214
13,54,ඐ,0.3160580322889339,0.3984965208512311,0.3284238055732785
13,55,ඍ,0.3284149416732244,0.20540630045121766,0.3099636454899234
13,56,ෂ,0.0743263927182759,0.0,0.06317743381053452
13,57,ඎ,0.0,0.2149116685781859,0.032236750286727886
14,1,ඓ,0.9972164176932625,0.8214534735892026,0.9708519760776535
14,2,ඣ,0.9409749946538717,0.6068311768555406,0.8908534219841221
14,3,ඖ,0.8871769020686605,0.5530602774363558,0.8370594083738149
14,4,ණ,0.8779624467619417,0.5691941264008463,0.8316471987077774
14,5,ඐ,0.8239875869799556,0.3549529104543274,0.7536323855011113
14,6,ඌ,0.811282552976107,0.3960595981430368,0.7489991097511465
14,7,ඨ,0.7683418617486041,0.588354610034567,0.7413437739914985
14,8,ථ,0.7471284744028561,0.6740360029577186,0.7361646036860855
14,9,ඪ,0.7460478547447176,0.6425262443834612,0.730519613190529
14,10,ජ,0.720270278822429,0.6205982052215933,0.7053194677823037
14,11,ඎ,0.7800274462963335,0.24681523284653273,0.7000456142788634
14,12,ය,0.7499473527881441,0.36947727758272897,0.6928768415073318
14,13,එ,0.6851223364874897,0.631750440861341,0.6771165521435674
14,14,ධ,0.709258449047041,0.4657342894319122,0.6727298251047718
14,15,ඍ,0.7460835427339982,0.24504817346029628,0.6709282373429429
14,16,ඵ,0.6778078023817757,0.617655899933191,0.668785017014488
14,17,ර,0.6704064075505665,0.611023856966566,0.6614990249629664
14,18,න,0.7148532624410363,0.344992575375506,0.6593741593812068
14,19,ඩ,0.679695731186168,0.5351745157033636,0.6580175488637473
14,20,ඞ,0.672668232523929,0.5394307468088881,0.6526826096666729
14,21,බ,0.6844123615312783,0.4320973646394233,0.6465651119975
14,22,ම,0.6545089929542343,0.6002457383357758,0.6463695047614655
14,23,ග,0.6984713720355162,0.3278425152639911,0.6428770435197875
14,24,ඹ,0.6606450050475619,0.5018496195761857,0.6368256972268554
14,25,ල,0.6716546472725529,0.4344812953123852,0.6360786444785278
14,26,ඔ,0.6527073400255556,0.5290347731676912,0.634156454996876
14,27,ට,0.651200984100673,0.5201727133417415,0.6315467434868333
14,28,ඛ,0.6585291287844126,0.4643275427799185,0.6293988908837385
14,29,ළ,0.6540263178806346,0.36600961531687937,0.6108238124960713
14,30,ඈ,0.6557891685159292,0.33990787476464734,0.6084069744532369
14,31,ඡ,0.6228216879813018,0.5095266260653691,0.6058274286939119
14,32,ශ,0.6685128317940789,0.21434396991380655,0.6003875025120381
14,33,ච,0.6093250904222154,0.5394332360081524,0.598841312260106
14,34,ඇ,0.6423924979896887,0.3426162680531649,0.5974260634992101
14,35,උ,0.6306800475602715,0.3833366512822022,0.5935785381185611
14,36,ඤ,0.6545516762493546,0.24189321556336263,0.5926529071464558
14,37,ක,0.6377027830576658,0.320347273763289,0.5900994566635093
14,38,ඒ,0.6061131674300451,0.46484826298319215,0.5849234317630171
14,39,ඬ,0.594473979724756,0.4566250098329616,0.5737966342409869
14,40,ව,0.5788246086743951,0.5316252824816848,0.5717447097454885
14,41,ආ,0.629833683534304,0.2397654418798726,0.5713234472861393
14,42,ඏ,0.6049448099945265,0.31385206981607106,0.5612808989677581
14,43,භ,0.5929913466001294,0.32100918175515514,0.5521940218733832
14,44,ත,0.584514711181898,0.3564219662310183,0.550300799439266
14,45,ඟ,0.5882140212353586,0.27992111807686204,0.5419700857615841
14,46,ඕ,0.534901069315564,0.4535772575597006,0.5227024975521845
14,47,හ,0.5643073705389555,0.28335902326607976,0.5221651184480242
14,48,ඝ,0.5487174172152145,0.22128095605023645,0.49960194804046776
14,49,ඊ,0.4744303094348884,0.5173021987174669,0.4808610928272752
14,50,ස,0.5056054153873885,0.20482986640706724,0.46048908304034025
14,51,ප,0.48264601048878686,0.24809034939043828,0.44746266132403456
14,52,ෆ,0.3932759120997076,0.23215731055779432,0.36910812186842057
14,53,අ,0.35899945691448754,0.25657463527390423,0.34363573366840006
14,54,ඉ,0.251930354089834,0.25000300466220937,0.2516412516756903
14,55,ඳ,0.19808260894260665,0.2814379383375568,0.21058590835184918
14,56,ෂ,0.11013203275589611,0.0,0.09361222784251169
14,57,ද,0.0,0.375627526389933,0.05634412895848996
15,1,ඔ,0.9970357327941742,0.8564252994805721,0.9759441677971339
15,2,ඹ,0.9963581213222394,0.7494854396182908,0.9593272190666471
15,3,ම,0.9902741317878746,0.7697747346945178,0.9571992222238711
15,4,ඕ,0.940574525120241,0.7206129816822842,0.9075802936045474
15,5,ඵ,0.9692185620865397,0.5484069702442342,0.9060968233101938
15,6,ඞ,0.9488754919754003,0.6280948760669189,0.9007583995891281
15,7,ජ,0.9748935355093868,0.47472238934830313,0.8998678635852243
15,8,ඪ,0.943686291954519,0.5286360962349377,0.8814287625965819
15,9,එ,0.9435294581089575,0.49189808444818817,0.8757847520598421
15,10,ඩ,0.9290109555808912,0.5662416113646893,0.8745955539484609
15,11,බ,0.9308324508221286,0.5164620091896538,0.8686768845772574
15,12,ඛ,0.9282444581551818,0.4469660570402467,0.8560526979879415
15,13,ඬ,0.9010741956865379,0.5982224669408387,0.855646436374683
15,14,ඡ,0.9133735780629295,0.515717181690639,0.8537251186070859
15,15,ච,0.8808044320296468,0.5342272578998022,0.82881785591017
15,16,ළ,0.9102003724263062,0.3134333321129653,0.8206853163793051
15,17,ඊ,0.8646279620770986,0.4710505868779674,0.8055913557972288
15,18,ශ,0.8794322298403127,0.29103984618487666,0.7911733722919972
15,19,ව,0.8323585958286719,0.5523931291201641,0.7903637758223957
15,20,ර,0.8248130670027605,0.4108301118849115,0.7627156237350831
15,21,ග,0.8282140059027896,0.3776448021133638,0.7606286253343757
15,22,ය,0.820843099559417,0.3882421618185068,0.7559529588982805
15,23,ණ,0.7963464507425642,0.3960820310248717,0.7363067877849103
15,24,ධ,0.7569998221511965,0.5287796132481595,0.722766790815741
15,25,ඝ,0.8191082962695457,0.1381056920997331,0.7169579056440738
15,26,ඨ,0.7538467599695298,0.5002181066310275,0.7158024619687544
15,27,ප,0.7974926102511972,0.23731624912133664,0.7134661560817182
15,28,භ,0.77760878046447,0.3165359067488892,0.7084478494071329
15,29,ත,0.7609133893072397,0.3977608655265592,0.7064405107401377
15,30,ක,0.761870487781364,0.38815295094995117,0.7058128572566521
15,31,ස,0.7887849305062862,0.2272985876927719,0.704561979084259
15,32,ඏ,0.768107018625112,0.29148920399863587,0.6966143464311406
15,33,ඒ,0.7628078551833055,0.3126297027958145,0.6952811323251818
15,34,ට,0.7265303851012775,0.5056207611269997,0.6933939415051359
15,35,ථ,0.7390577011416927,0.4332063149683675,0.6931799932156939
15,36,ඟ,0.7517231438219937,0.34706089407818397,0.6910238063604222
15,37,හ,0.7522741030262884,0.321434527481987,0.6876481666946431
15,38,ඣ,0.7004807875173091,0.6011164524454548,0.685576137256531
15,39,න,0.657954566107853,0.3776669438453064,0.615911422768471
15,40,ඖ,0.610792725877727,0.5251680671498179,0.5979490270685407
15,41,ල,0.6396913111823826,0.3335713670094129,0.5937733195564372
15,42,ඍ,0.6301937311039514,0.32086914445864345,0.5837950431071551
15,43,ඉ,0.6036024066725809,0.2866001381206944,0.556052066389798
15,44,උ,0.588539760591471,0.205050445346163,0.5310163633046747
15,45,ඈ,0.5232316615282242,0.10824979748488905,0.4609843819217239
15,46,ඇ,0.5199160553879294,0.08132567087885911,0.45412749771156885
15,47,අ,0.5128457554742836,0.0,0.435918892153141
15,48,ඐ,0.40019377475403206,0.4256576618904129,0.40401335782448916
15,49,ඤ,0.4503832658220339,0.07337955226439707,0.3938327087883884
15,50,ඳ,0.40255510004487627,0.1306689887051541,0.3617721833439179
15,51,ෂ,0.38924867837369903,0.10049064173966793,0.3459349728785943
15,52,ඓ,0.3248123485454092,0.44471822342325606,0.34279822977708624
15,53,ද,0.30240256326275505,0.25593684033988784,0.295432704824325
15,54,ඎ,0.26515508682100264,0.28374429698476744,0.26794346834556737
15,55,ආ,0.305781264257069,0.011442924205931404,0.26163051324939834
15,56,ෆ,0.1795504989633102,0.08593832544575719,0.16550867293567725
15,57,ඌ,0.0,0.1824047623461662,0.027360714351924935
16,1,ඕ,0.996656588003654,0.7441927467628786,0.9587870118175377
16,2,ඔ,0.9337918776998261,0.5999504490856324,0.883715663407697
16,3,ම,0.9268842046957795,0.6179657615206562,0.8805464382195111
16,4,ඹ,0.9380492898607268,0.5468415545590171,0.8793681295654704
16,5,ප,0.9302852842684743,0.3124642763378639,0.8376121330788828
16,6,ශ,0.926909382438151,0.30364450927080533,0.8334196514630492
16,7,ත,0.8911149848547419,0.46207722665507645,0.8267593211247921
16,8,ඵ,0.899362019658251,0.39521614069112343,0.8237401378131819
16,9,ඝ,0.9286225275858276,0.2057603122880125,0.8201931952911553
16,10,ක,0.878268311829428,0.4843924763636457,0.8191869365095606
16,11,භ,0.8886406220982128,0.38346516600868774,0.812864303684784
16,12,ස,0.9005832223005265,0.29778939385268954,0.8101641480333509
16,13,හ,0.8822549882951842,0.37456660535829334,0.8061017308546505
16,14,ඏ,0.8805828647208412,0.3540813991346923,0.8016076448829188
16,15,ජ,0.8891648815119638,0.2990991101977144,0.8006550158148263
16,16,ග,0.8761805610293681,0.36531039450330494,0.7995500360504586
16,17,ඟ,0.8567013912637316,0.40787504506541705,0.7893774393339844
16,18,ඛ,0.8670203564588921,0.33061563957444673,0.7865596489262253
16,19,එ,0.8492770970664311,0.3517414925126663,0.7746467563833663
16,20,ඊ,0.8288846884227861,0.46427885282552206,0.7741938130831965
16,21,ඞ,0.8260948777435089,0.4324899016213656,0.7670541313251873
16,22,ඡ,0.8338530322303749,0.3386487367153048,0.7595723879031143
16,23,බ,0.830254928138747,0.31710535400702355,0.7532824920189884
16,24,ඪ,0.8150448688801175,0.3570828523636499,0.7463505664026473
16,25,ඉ,0.818201235750051,0.31448018108205344,0.7426430775498514
16,26,ඬ,0.7871787750060587,0.4171226291412854,0.7316703531263427
16,27,ය,0.787143064167236,0.3869083271300032,0.727107853611651
16,28,ළ,0.8185607977704661,0.15954616633233454,0.7197086030547464
16,29,ඩ,0.7731505021631558,0.3395224996554721,0.7081063017870033
16,30,න,0.7551018468307937,0.3958833644847827,0.7012190744788921
16,31,ච,0.7390421958025485,0.3299599650160763,0.6776798611845777
16,32,ඒ,0.7153251800793456,0.22689071311570885,0.6420600100348002
16,33,ව,0.6925766163776992,0.34674245839753404,0.6407014926806743
16,34,ර,0.6704972352910071,0.27881454878533674,0.6117448323151566
16,35,ණ,0.6446942863387213,0.3533515873384334,0.6009928814886781
16,36,ෂ,0.6556515953456143,0.19446365780974784,0.5864734047152343
16,37,ඍ,0.6174857040270165,0.3627810089862007,0.5792799997708942
16,38,ල,0.6417432991307739,0.20153680450266775,0.575712324936558
16,39,ථ,0.584738941314588,0.3009071258727335,0.5421641689983099
16,40,ඨ,0.564553414928447,0.2895521245573537,0.5233032213727831
16,41,අ,0.6078112921573504,0.0,0.5166395983337478
16,42,ඣ,0.5186281168518326,0.3772166215726104,0.4974163925599493
16,43,ට,0.5326149430488427,0.2876777216158223,0.4958743598338896
16,44,ධ,0.5308018541820234,0.24705184193746232,0.4882393523453392
16,45,ඤ,0.5101482935521626,0.040430028599118595,0.43969055380920596
16,46,ඐ,0.43565852462525745,0.4429858448830133,0.4367576226639208
16,47,ඖ,0.4128602519532243,0.33983820204846826,0.4019069444675109
16,48,උ,0.4638343450016885,0.03250349943205266,0.39913471816624313
16,49,ඳ,0.44631889363842037,0.12415487835487538,0.39799429134588865
16,50,ඈ,0.45504888393243936,0.05308815187825533,0.3947547741243117
16,51,ඇ,0.44139480572480205,0.03358680931267999,0.38022360626298374
16,52,ෆ,0.4060386782468898,0.14760169615600738,0.3672731309332574
16,53,ද,0.31601560737997514,0.22769257640802443,0.30276715273418253
16,54,ආ,0.3343143165437058,0.027577343028663548,0.2883037705164495
16,55,ඎ,0.21069771659400538,0.33414491512137934,0.22921479637311146
16,56,ඓ,0.11726997542438311,0.3148801001279292,0.14691149412991503
16,57,ඌ,0.0,0.11774051904472926,0.01766107785670939
17,1,ඖ,0.9936227648900999,0.9083215678262495,0.9808275853305224
17,2,ඣ,0.9460676485892716,0.47998725857024094,0.876155590086417
17,3,ණ,0.9278703985288917,0.5598844052839566,0.8726724995421515
17,4,ඓ,0.8502285592339427,0.5096057136314178,0.7991351323935639
17,5,බ,0.7923901032984387,0.5459180520048819,0.7554192956044052
17,6,ඩ,0.7975202130003654,0.48894910583714857,0.7512345469258829
17,7,ඞ,0.8010197624394668,0.468016352214634,0.751069250905742
17,8,ඍ,0.8455008531160841,0.2095750553727045,0.7501119834545772
17,9,ඛ,0.7664638652659486,0.49720684554862915,0.7260753123083507
17,10,ඎ,0.8022117889672171,0.2673883489033759,0.7219882729576409
17,11,ඐ,0.7824098152939835,0.3729567712927232,0.7209918586937945
17,12,ම,0.7395374839823563,0.603759785248845,0.7191708291723297
17,13,ඹ,0.736007685256714,0.5945381602334436,0.7147872565032234
17,14,ඪ,0.7553998191016796,0.43894078261597325,0.7079309636288236
17,15,ඬ,0.7416564558920218,0.4873244704536066,0.7035066580762595
17,16,ළ,0.7490581258472259,0.40506436333389717,0.6974590614702265
17,17,ඔ,0.721331847140072,0.5511949294755658,0.6958113094903962
17,18,ජ,0.7310754517437272,0.4392811225497921,0.687306302364637
17,19,ච,0.7237282809283193,0.4723854848444975,0.686026861515746
17,20,ව,0.6961132022452291,0.5187107176366819,0.669502829553947
17,21,ධ,0.6961044686529416,0.4425677306135577,0.658073957947034
17,22,ඵ,0.6741812470741844,0.5127544056447381,0.6499672208597674
17,23,ශ,0.698378521701208,0.29762896538098493,0.6382660882531744
17,24,ඡ,0.6704507330268796,0.4501552975090254,0.6374064176992016
17,25,එ,0.6605226617568037,0.45632061490652465,0.6298923547292619
17,26,ග,0.6586405538880259,0.38176587708293375,0.617109352367262
17,27,ට,0.6360357916528655,0.5071155980300153,0.616697762609438
17,28,ඨ,0.6400391460300272,0.4471371996294744,0.6111038540699443
17,29,ඈ,0.6762539848956788,0.18865435792706475,0.6031140408503867
17,30,ඇ,0.6752692622972467,0.18740720584734172,0.6020899538297609
17,31,න,0.6574283244735436,0.24755678374629075,0.5959475933644557
17,32,ඏ,0.6540021096401818,0.20175412371576829,0.5861649117515199
17,33,ඟ,0.6318006475833828,0.29805885991385184,0.5817393794329532
17,34,ක,0.6483442325073603,0.2032891860648005,0.5815859755409762
17,35,ය,0.6461936971670649,0.21225851903003268,0.5811034204465101
17,36,ථ,0.6031356230006821,0.39781127443147846,0.5723369707153017
17,37,ර,0.5875555073417891,0.4259599745309457,0.5633161774201625
17,38,භ,0.6118870480058254,0.24243202357451954,0.5564687943411295
17,39,ත,0.6071053632313935,0.22864873211990056,0.5503368685646696
17,40,ඕ,0.5659585178389299,0.4445151979854888,0.5477420198609138
17,41,ඝ,0.6196965541607449,0.05114847304140224,0.5344143419928435
17,42,හ,0.5734138876183315,0.26166475748680285,0.5266515180986022
17,43,ස,0.5897208744047342,0.03309165668749947,0.5062264917471491
17,44,ඤ,0.5823279449697557,0.07397553627761544,0.5060750836659347
17,45,ඌ,0.521182986824173,0.29592401979675764,0.48739414177006063
17,46,උ,0.5250234415176677,0.2614945841724955,0.48549411291589184
17,47,ල,0.504808468103016,0.31174891468456467,0.4758495350902483
17,48,ප,0.5445909906908386,0.07117103158431948,0.47357799682486074
17,49,ආ,0.5249466782388821,0.07179630220313449,0.45697412183351993
17,50,ඊ,0.44952952593689677,0.42005701261621076,0.44510864893879387
17,51,ඒ,0.4400348690908191,0.3883985793531084,0.4322894256301625
17,52,අ,0.27067030269484404,0.013085376103445068,0.2320325637061342
17,53,ඳ,0.22299330666951567,0.1730580745723148,0.21550302185493553
17,54,ඉ,0.19837651378456,0.22321505566943112,0.20210229506729066
17,55,ෆ,0.23165883325184278,0.009567375342357742,0.19834511456542
17,56,ෂ,0.11136353002576593,0.0,0.09465900052190104
17,57,ද,0.0,0.24855175791601547,0.037282763687402326
18,1,ක,0.9986197703421124,0.7906896302341675,0.9674302493259207
18,2,ත,0.9705322544889167,0.7068868411460885,0.9309854424874924
18,3,හ,0.986821627044293,0.5782384448073445,0.9255341497087507
18,4,ඟ,0.9828893793199045,0.5753262523087855,0.9217549102682366
18,5,භ,0.9835286292417115,0.5520558332483125,0.9188077098427017
18,6,ඏ,0.9726118336962452,0.5704761667356761,0.9122914836521597
18,7,න,0.9435557757472605,0.6153536662374398,0.8943254593207873
18,8,ප,0.9417228694985573,0.5696225228698606,0.8859078175042528
18,9,ඝ,0.9534400735028102,0.46283181777199844,0.8798488351431883
18,10,ග,0.9318062402692532,0.5141809097089884,0.8691624406852134
18,11,ශ,0.9270424372921293,0.46255028247847774,0.8573686140700816
18,12,ස,0.9018945008727085,0.5573145728259316,0.850207511665692
18,13,ඕ,0.8720233693249182,0.45066387524225826,0.8088194452125193
18,14,ඍ,0.7713624384594231,0.5275278153791602,0.7347872449973836
18,15,ඐ,0.7676703700869174,0.47510438912685693,0.7237854729429083
18,16,ම,0.7786398151738542,0.3995605480589822,0.7217779251066233
18,17,ඹ,0.777336511038059,0.3697171932868748,0.7161936133753815
18,18,ඔ,0.765132387334362,0.36574750937930445,0.7052246556411034
18,19,ඉ,0.7579071870578618,0.4018015813844862,0.7044913462068554
18,20,ෂ,0.7073359637975802,0.41680152294995687,0.6637557976704367
18,21,ඵ,0.7255470851529519,0.30525292859291786,0.6625029616689467
18,22,ය,0.6937195216230083,0.45928266254404837,0.6585539927611643
18,23,ඛ,0.7204923156638168,0.2961672066996349,0.6568435493191895
18,24,ළ,0.7341941190831744,0.1700967979841974,0.6495795209183279
18,25,ජ,0.7220930581182656,0.16331219787394513,0.6382759290816176
18,26,ඞ,0.6777979089911279,0.3792929248512853,0.6330221613701514
18,27,ඬ,0.6627752173595185,0.4097870915084144,0.6248269984818529
18,28,ෆ,0.6522929719482422,0.3854513039155354,0.6122667217433362
18,29,එ,0.6645308917028587,0.2576532061615694,0.6034992388716652
18,30,බ,0.6629601422063903,0.2378582785747545,0.599194862661645
18,31,ල,0.6574383291608445,0.2483418503623923,0.5960738573410768
18,32,ඪ,0.6416096961438232,0.2876941451815659,0.5885223634994846
18,33,ඤ,0.667456073649572,0.035755801273981924,0.5727010327932336
18,34,ඩ,0.610728768078114,0.3395694098610268,0.570054864345551
18,35,ණ,0.624566117686491,0.22694526534428983,0.5649229898351608
18,36,ඡ,0.6202058495884057,0.1725963534544267,0.5530644251683089
18,37,ච,0.5827200067417525,0.32810846087591594,0.544528274861877
18,38,ඣ,0.5804337788891332,0.26014737924672837,0.5323908189427724
18,39,ඊ,0.5474613455764327,0.3700731519069812,0.520853116526015
18,40,ව,0.5487139109799526,0.3549669462576053,0.5196518662716005
18,41,ඎ,0.49285977211169363,0.5003012475065626,0.49397599342092396
18,42,ආ,0.5461293699604064,0.0371477137256403,0.4697821215251915
18,43,ඒ,0.5317885714573217,0.08174711687393688,0.464282353269814
18,44,ඖ,0.5102267790746828,0.17682266252842294,0.46021616159274387
18,45,අ,0.5254140994880445,0.07297436335252583,0.45754813906771674
18,46,ඈ,0.5289085136335578,0.03064111520128865,0.45416840386871743
18,47,ඇ,0.5038536705240473,0.0,0.42827561994544017
18,48,ර,0.38846490131220324,0.2272157536306474,0.36427752915996986
18,49,ථ,0.38710802261434574,0.2273803964906167,0.3631488786957864
18,50,උ,0.38866796621547917,0.13452019063824328,0.3505457998788938
18,51,ඌ,0.36074544972678557,0.17589441649304205,0.33301779474172405
18,52,ඨ,0.3449784300853609,0.2352375275155666,0.32851729469989177
18,53,ට,0.3174248673667315,0.2445334576437045,0.3064911559082774
18,54,ධ,0.3144563202060696,0.233443016004098,0.30230432457577383
18,55,ඓ,0.2949274464113939,0.21078955184475368,0.2823067622263979
18,56,ඳ,0.29832200188421965,0.1288790394533711,0.2729055575195924
18,57,ද,0.0,0.1714209664730708,0.025713144970960625
19,1,ඛ,0.9957059982421018,0.8702455409283746,0.9768869296450428
19,2,බ,0.9554167331745602,0.7389553552715613,0.9229475264891104
19,3,ඹ,0.9178348186911087,0.5153787616576399,0.8574664101360885
19,4,ම,0.9104180877659105,0.48125119064620214,0.8460430531979543
19,5,ඔ,0.8927862755248165,0.43784120826965767,0.8245445154365427
19,6,ඞ,0.8813148093420908,0.3571923418850539,0.8026964392235353
19,7,ජ,0.855297510216705,0.3304227778822313,0.7765663003665338
19,8,ඡ,0.8554525685841873,0.32673651781782,0.7761451609692321
19,9,ඕ,0.8414261589873293,0.3207708190579134,0.7633278579979169
19,10,ඩ,0.809628230574711,0.3490915541136371,0.7405477291055499
19,11,ඊ,0.8001416515576745,0.38657847622727604,0.7381071752581146
19,12,ඵ,0.8115194020526455,0.2794352705189681,0.7317067823225939
19,13,ණ,0.7929678203371328,0.35384759826848355,0.7270997870268353
19,14,ඪ,0.7921993339748278,0.2595548126423536,0.7123026557749567
19,15,ශ,0.7887354678578568,0.25742700891394854,0.7090391990162705
19,16,ස,0.81120098269319,0.05215302778262809,0.6973437894566057
19,17,ත,0.7806407881975829,0.19033851604430707,0.6920954473745914
19,18,ඝ,0.8028374803276901,0.03852640471494162,0.6881908189857778
19,19,ච,0.7402831405612478,0.337855040004961,0.6799189254778047
19,20,එ,0.7537506932118496,0.2367322091722205,0.6761979206059052
19,21,ර,0.7336566983356904,0.3301240568875896,0.6731268021184753
19,22,ළ,0.7383717602178892,0.28497971314448245,0.6703629531568782
19,23,ඏ,0.7463345787327462,0.19483859776534773,0.6636101815876364
19,24,ප,0.7665904610471291,0.05011553753525222,0.6591192225203476
19,25,ඬ,0.7089590115675242,0.3759464031695766,0.659007120307832
19,26,ව,0.7026871414474707,0.37895878112234493,0.6541278873987018
19,27,ට,0.6509926507398414,0.4592369022435496,0.6222292884653976
19,28,ක,0.6970086631148329,0.19171423789400732,0.621214499331709
19,29,භ,0.6850067838434561,0.21820506526658467,0.6149865260569255
19,30,ය,0.6867429586054685,0.20132973349575056,0.6139309748390108
19,31,ධ,0.6391072153976349,0.398278341781377,0.6029828843551963
19,32,ග,0.6476809013365317,0.33405026246501235,0.6006363055058038
19,33,ඖ,0.6096131357326913,0.46394505073565573,0.5877629229831359
19,34,ඍ,0.6643479585876614,0.12781639189455707,0.5838682235836957
19,35,හ,0.6381362583188802,0.23591853406213514,0.5778035996803684
19,36,ඟ,0.6265623328677326,0.26333838692203615,0.5720787409758781
19,37,ඉ,0.6423584177999249,0.17134153391227547,0.5717058852167775
19,38,ථ,0.6318510548684044,0.2191981509992471,0.5699531192880308
19,39,ඨ,0.6040478401639932,0.2794650541414586,0.555360422260613
19,40,ඣ,0.5850355716505606,0.2584660354023254,0.5360501412133254
19,41,ඒ,0.5793001548170418,0.246515348771851,0.5293824339102632
19,42,න,0.5873252884215312,0.1937882008659576,0.5282947252881952
19,43,අ,0.6078832038770905,0.027770191003123834,0.5208662519459955
19,44,ඳ,0.583521349422161,0.15551276894354282,0.5193200623503683
19,45,ඤ,0.5813658474946681,0.13275567614725836,0.5140743217925566
19,46,ඈ,0.5820157702822633,0.09749562855063831,0.5093377490225195
19,47,ඇ,0.5802124165300202,0.07913147885624783,0.5050502758789543
19,48,ද,0.46934841765015656,0.2440492099395487,0.4355535364935654
19,49,ල,0.4646955886032217,0.2411194882920159,0.4311591735565408
19,50,ඐ,0.4104850965053847,0.25737231072206423,0.38751817863788657
19,51,උ,0.40595436514406735,0.17749822046313235,0.37168594344192707
19,52,ආ,0.3381812718573529,0.00977435506444091,0.2889202343384161
19,53,ඎ,0.31269277660167893,0.1120383870880417,0.2825946181746334
19,54,ෂ,0.30314641967309863,0.025835873878178206,0.2615498378038606
19,55,ඓ,0.24198896539390413,0.2844709670542004,0.24836126564294858
19,56,ෆ,0.28412807657962214,0.0,0.2415088650926788
19,57,ඌ,0.0,0.17873337087176278,0.02681000563076442
20,1,ග,0.9953456414304231,0.7417706506972584,0.9573093928204485
20,2,හ,0.9472400400959196,0.5773449450415777,0.8917557758377683
20,3,භ,0.9601717796821343,0.4892705471189561,0.8895365947976576
20,4,න,0.9386098178683774,0.44564677536208697,0.8646653614924338
20,5,ඟ,0.9401962180514916,0.4001845640152175,0.8591944699460505
20,6,ක,0.9286108094254905,0.4002506315343386,0.8493567827418177
20,7,ශ,0.8838999503620127,0.5761520141052674,0.837737759923501
20,8,ත,0.8844778252218721,0.3951813964510432,0.8110833609062478
20,9,ඏ,0.8545425991357373,0.31937963354106946,0.7742681542965371
20,10,ඕ,0.866469655892113,0.22924270243089517,0.7708856128729303
20,11,ම,0.8470283840166052,0.2281262450222472,0.7541930631674515
20,12,ළ,0.8536263856475304,0.18863901991816645,0.7538782807881258
20,13,ල,0.8460686302657898,0.22349545155465145,0.7526826534591191
20,14,ප,0.8267475710753028,0.258754291446605,0.7415485791309981
20,15,ඔ,0.8235264972762671,0.2177632594382053,0.7326620116005579
20,16,ඹ,0.8187513298794199,0.24095928438241654,0.7320825230548694
20,17,ඵ,0.8385945426782085,0.1266451850687179,0.7318021390367849
20,18,ඝ,0.8377000122066722,0.1283676145972954,0.7313001525652657
20,19,එ,0.8183021489206617,0.06206146303712856,0.7048660460381316
20,20,ජ,0.8115728395121391,0.036525831142850684,0.6953157882567458
20,21,ඞ,0.7458522818108796,0.2896996892625968,0.6774293929286371
20,22,ස,0.7476333120555072,0.19855487496628965,0.6652715464921245
20,23,ය,0.7386686596789206,0.23433814187540603,0.6630190820083934
20,24,ඬ,0.7253341445354908,0.27446602088590777,0.6577039259880534
20,25,ඪ,0.7496191621991559,0.09208664476515072,0.6509892845840551
20,26,ච,0.7176845972525252,0.2587286052532982,0.6488411984526412
20,27,ඒ,0.7448505042170119,0.09999122807813388,0.6481216127961803
20,28,ඛ,0.7043484679108323,0.3115296742926379,0.6454256488681032
20,29,ඩ,0.713462331061185,0.24023280059433894,0.642477901491158
20,30,ව,0.6854913673843874,0.3138731246775276,0.6297486309783584
20,31,ඐ,0.6688249042660079,0.4039822038932521,0.6290984992100946
20,32,ඉ,0.685390477216909,0.22486914394013657,0.6163122772253931
20,33,ඊ,0.6546576226306372,0.3497574078513983,0.6089225904137514
20,34,බ,0.6594638448758197,0.28354583427862634,0.6030761432862406
20,35,ඤ,0.6728047099988723,0.10137220246518563,0.5870898338688193
20,36,ණ,0.651441633540067,0.20336694861291116,0.5842304308009936
20,37,ඍ,0.6233614235509191,0.3042878517399774,0.5755003877792778
20,38,ඣ,0.6535406849151673,0.08799507786002769,0.5687088438568964
20,39,උ,0.6488394111402191,0.10761110728241974,0.5676551655615493
20,40,ආ,0.6347522297807697,0.040164224006582705,0.5455640289146416
20,41,ඈ,0.6278075398407488,0.052682620870917685,0.5415388019952742
20,42,ඡ,0.6232755554432945,0.04424998727827323,0.5364217202185413
20,43,ෆ,0.5825349901451354,0.2378037895077746,0.5308253100495313
20,44,ඇ,0.6046565450269259,0.03902939485079704,0.5198124725005066
20,45,ථ,0.593716555580497,0.026426169133049404,0.5086229976133798
20,46,ර,0.5523305426015066,0.19551657119335974,0.49880844689028453
20,47,අ,0.5778441678871808,0.0,0.49116754270410373
20,48,ඖ,0.510602750845544,0.22044283937227516,0.4670787641245537
20,49,ඨ,0.5330921786220897,0.06937155035056408,0.4635340843813608
20,50,ට,0.5083532441645573,0.19888654323615906,0.46193323902529754
20,51,ධ,0.511457272053459,0.1715618174045549,0.4604729538561234
20,52,ඌ,0.44240199496159005,0.12684435146505502,0.39506834843710975
20,53,ෂ,0.43518041786587724,0.025817494713107902,0.37377597939296187
20,54,ඓ,0.3942695681070243,0.07069650266895444,0.3457336082913138
20,55,ඎ,0.31869600515445395,0.11624156897203863,0.28832783972709164
20,56,ඳ,0.29621019299349416,0.16306894689775453,0.2762390060791332
20,57,ද,0.0,0.1564498555023086,0.023467478325346295
21,1,ඝ,0.996216611724057,0.7909991607350424,0.9654339940757048
21,2,ස,0.9757487961204276,0.6927172942990292,0.9332940708472178
21,3,ඏ,0.982958776037622,0.6105228495092677,0.927093387058369
21,4,ප,0.9838984489289583,0.5769271502757216,0.9228527541309728
21,5,ක,0.9609490396931362,0.5505975667913973,0.8993963187578754
21,6,ත,0.9597056068493098,0.4869613881210585,0.8887939740400722
21,7,ශ,0.9424374531508188,0.35787777766254436,0.8547535018275777
21,8,භ,0.9263637141916548,0.3735428547566477,0.8434405852764036
21,9,හ,0.9329756170037845,0.3192379622566188,0.8409149687917097
21,10,ඟ,0.9238072625511173,0.3184025727271774,0.8329965590775263
21,11,ඕ,0.9130607992231993,0.29872358709021674,0.8209102174032519
21,12,න,0.8165665031660915,0.4212525789557199,0.7572694145345357
21,13,ග,0.8388624892882439,0.2938701029731682,0.7571136313409825
21,14,ඹ,0.8137653514653791,0.27498389365126585,0.7329481327932621
21,15,ෂ,0.7715015349134289,0.43385441747057607,0.720854467297001
21,16,ම,0.7902659476680767,0.27033589591044405,0.7122764399044318
21,17,ඍ,0.7627568979947725,0.4159838394552019,0.710740939213837
21,18,ඔ,0.7918537670260125,0.22017387454882176,0.706101783154434
21,19,ඛ,0.7830901709399863,0.23803626901193087,0.7013320856507781
21,20,ඉ,0.7636012274738769,0.24764417617938816,0.6862076697797036
21,21,ජ,0.7191728015450912,0.2018110189754656,0.6415685341596473
21,22,ඵ,0.7069664093887393,0.2635717237097496,0.6404572065368909
21,23,බ,0.7274655399721626,0.14687523161879146,0.6403769937191568
21,24,ය,0.6681481741348496,0.4426159481465983,0.6343183402366119
21,25,ඡ,0.6906929870349019,0.25465730088280203,0.6252876341120869
21,26,ඞ,0.686030121117825,0.24968718201172457,0.62057868025191
21,27,ළ,0.6795933154397349,0.18549033645319035,0.6054778685917532
21,28,ඬ,0.659591576598906,0.2617693569059577,0.5999182436449638
21,29,ඐ,0.6125361389569808,0.33973984451940065,0.5716166947913438
21,30,ඪ,0.6253487852996008,0.26380492845056447,0.5711172067722454
21,31,එ,0.6180934082328535,0.2382632989847383,0.5611188918456362
21,32,ඩ,0.5988183203901009,0.2648492507322331,0.5487229599414207
21,33,ණ,0.5874384819716922,0.27489796890614104,0.5405574050118596
21,34,ඊ,0.5597671790276288,0.3973361318309715,0.5354025219481302
21,35,ච,0.5378013049789185,0.2981278202021159,0.5018502822623981
21,36,ව,0.48815204324714256,0.296007980478176,0.45933043383179756
21,37,ඤ,0.5209502970745938,0.015810806743243644,0.4451793735248913
21,38,ල,0.45821426481795335,0.23537471097413698,0.4247883317413809
21,39,ෆ,0.46653710516721114,0.18070777113554526,0.4236627050624613
21,40,ඣ,0.4599965398512186,0.15920725246054013,0.4148781467426168
21,41,ඎ,0.39514181604256016,0.3890392680865884,0.3942264338491644
21,42,අ,0.44507476149963,0.07494868172146851,0.38955584953290573
21,43,ඖ,0.4190651140903836,0.1722665795635644,0.3820453339113607
21,44,ඒ,0.40687542771123564,0.10887481807806354,0.36217533626625986
21,45,ර,0.35289398174662,0.285855593858822,0.34283822356345034
21,46,ඈ,0.3627423516694459,0.05979395653871433,0.31730009239983614
21,47,ඇ,0.34128957883553035,0.04857862957944725,0.2973829364471179
21,48,ථ,0.2727051804285817,0.2326176414250084,0.2666920495780457
21,49,ඳ,0.26790121060783734,0.17466284407149713,0.2539154556273863
21,50,ආ,0.2956454298305071,0.0,0.25129861535593107
21,51,ඨ,0.2544117756261678,0.1561812823117943,0.23967720162901177
21,52,ට,0.22827767892502804,0.20583241346677783,0.2249108891062905
21,53,ධ,0.2259084953833711,0.15209642367936027,0.21483668462776945
21,54,උ,0.17167971650368952,0.10143670392164927,0.16114326461638348
21,55,ඓ,0.04833078572669347,0.20005097340395173,0.07108881387828221
21,56,ද,0.01582889896301498,0.2111195388414312,0.045122494944777415
21,57,ඌ,0.0,0.1069652952537462,0.016044794288061933
22,1,ඞ,0.9916115105578854,0.879614663962422,0.974811983568566
22,2,ඩ,0.9658946484868199,0.8332152630492837,0.9459927406711894
22,3,ච,0.9476997180943556,0.7305771759779379,0.915131336776893
22,4,ම,0.9597903301133286,0.6106869539405027,0.9074248236874046
22,5,ව,0.9306434548726134,0.6938060551440373,0.8951178449133269
22,6,ඔ,0.9280476117004107,0.6517532526171472,0.8866034578379212
22,7,ඹ,0.9299760902130595,0.5551973504796088,0.8737592792530419
22,8,ඬ,0.8868897161963775,0.7485027412187806,0.866131669949738
22,9,බ,0.9187504548579746,0.44588933319087964,0.8478212866079102
22,10,ඛ,0.9276565521232161,0.37429648940842575,0.8446525427159974
22,11,ඵ,0.867952524200472,0.6415107334661154,0.8339862555903185
22,12,ළ,0.9049492320712278,0.36664556792478764,0.8242036824492617
22,13,ඪ,0.8480420450823145,0.6854871324035569,0.8236588081805009
22,14,ජ,0.8750579629043672,0.4516734906850064,0.8115502920714631
22,15,එ,0.8376593883348203,0.6439718844575391,0.8086062627532281
22,16,ධ,0.8214771859378643,0.6357868248752464,0.7936236317784716
22,17,ට,0.8196434244302421,0.6045894814749533,0.7873853329869487
22,18,ඕ,0.7977224332731847,0.5350943523523932,0.758328221135066
22,19,ඊ,0.8116666606796936,0.44693330770336104,0.7569566577332437
22,20,ඡ,0.7975493846240526,0.39782398665956575,0.7375905749293795
22,21,ණ,0.774692174499815,0.4057941120684261,0.7193574651351067
22,22,ර,0.7541972362522775,0.43113610372857203,0.7057380663737216
22,23,ඣ,0.6827053010491714,0.6993373238304881,0.6852001044663689
22,24,ඖ,0.7045749923664033,0.4777280179314234,0.6705479462011563
22,25,ශ,0.7283548842746005,0.27254995570416807,0.6599841449890356
22,26,ථ,0.6864079919983119,0.46416252260522606,0.653071171589349
22,27,ග,0.6864672211110214,0.43471934004101276,0.6487050389505201
22,28,භ,0.6737769156590172,0.47412975128906276,0.643829841003524
22,29,ඨ,0.6606382473152412,0.5200607477747623,0.6395516223841693
22,30,ත,0.6679502418800478,0.47100652254638453,0.6384086839799983
22,31,ඝ,0.7056500502408138,0.23597636106801467,0.635198996864894
22,32,ප,0.6819852582843026,0.31147735105736185,0.6264090722002614
22,33,ස,0.6780058237732126,0.3137753757591547,0.6233712565711039
22,34,ඟ,0.6467770341811396,0.4067564932158948,0.6107739530363528
22,35,ඏ,0.6529358517992687,0.35189150049642826,0.6077791991038427
22,36,උ,0.63988864875108,0.3562056246338764,0.5973361951334994
22,37,ක,0.6295729614532428,0.4109611110544107,0.596781183893418
22,38,හ,0.6259793577029671,0.4234209819225836,0.5955956013359095
22,39,ඒ,0.6353292128020642,0.3416896839211192,0.5912832834699225
22,40,ඇ,0.6650961190742882,0.08013963579350125,0.5773526465821702
22,41,ඈ,0.6577314506540064,0.1071842665647883,0.5751493730406236
22,42,ය,0.6065319762453769,0.3392545340525138,0.5664403599164475
22,43,ඍ,0.607535367070603,0.3321153678548304,0.566222367188237
22,44,න,0.5614019716896576,0.5177398894752163,0.5548526593574914
22,45,ල,0.5642511676791109,0.4234276764452596,0.5431276439940331
22,46,ඳ,0.5415437326736151,0.16743944799029797,0.4854280899711175
22,47,ඉ,0.47910797438555064,0.18493691621019803,0.4349823156592477
22,48,අ,0.497575500215092,0.0,0.4229391751828282
22,49,ද,0.44116983823114364,0.24172314444229315,0.4112528341628161
22,50,ඤ,0.4699873108703464,0.034310780406793806,0.40463583130081354
22,51,ඐ,0.36845742807101856,0.44554247270775504,0.38002018476652905
22,52,ඓ,0.3178585710310473,0.4903326625882305,0.3437296847646248
22,53,ආ,0.3590592596325304,0.025310391943286326,0.30899692947914376
22,54,ඎ,0.2701201061588008,0.2544662847641478,0.26777203294960283
22,55,ෆ,0.13329806694582536,0.17769543012142508,0.1399576714221653
22,56,ෂ,0.1380329499570383,0.020258499291930243,0.12036678235727209
22,57,ඌ,0.0,0.2308413646067372,0.03462620469101059
23,1,ඟ,0.9942579423938964,0.8224110312275005,0.968480905718937
23,2,භ,0.9917391811559104,0.6361497475900223,0.9384007661210272
23,3,හ,0.9880705432316469,0.6409569670472562,0.9360035068039882
23,4,ක,0.9705597262959084,0.5467400169963008,0.9069867699009673
23,5,ග,0.9584465002077386,0.5643114475613188,0.8993262423107756
23,6,න,0.9444470946603213,0.6394118736977681,0.8986918115159384
23,7,ත,0.9311967932630293,0.544784051222797,0.8732348819569944
23,8,ඏ,0.919636532429154,0.5438643126658707,0.8632706994646615
23,9,ප,0.8949923740694841,0.4040043651525206,0.8213441727319396
23,10,ශ,0.8888470345657357,0.4217863832650559,0.8187879368706338
23,11,ඝ,0.9011636602132649,0.287838833359767,0.8091649361852402
23,12,ඕ,0.8531476590993086,0.41937352381439497,0.7880815388065715
23,13,ස,0.8268685098816261,0.3764737253151158,0.7593092921966496
23,14,ම,0.8027732751065186,0.3850723962039515,0.7401181432711336
23,15,ළ,0.812766654206874,0.25201112708342666,0.7286533251383569
23,16,ඹ,0.7754714383223371,0.36873769144229807,0.7144613762903312
23,17,ඔ,0.7732669396572892,0.337166798577477,0.7078519184953174
23,18,ඐ,0.7224396607832495,0.500759030547663,0.6891875662479116
23,19,ඬ,0.7184300127520442,0.4507718651345235,0.6782812906094161
23,20,ඵ,0.7469345503954288,0.2542081888387,0.6730255961619194
23,21,ඍ,0.7030046856741895,0.4685835230215605,0.6678415112762951
23,22,ඉ,0.7207096045236622,0.3492482073241563,0.6649903949437362
23,23,ඞ,0.7114542172279661,0.3829203493013431,0.6621741370389727
23,24,ල,0.7270813316264307,0.22826251075475001,0.6522585084956787
23,25,ඛ,0.6877693639738542,0.35940791753566825,0.6385151470081263
23,26,ජ,0.7255312113279353,0.09585069838327798,0.6310791343862368
23,27,එ,0.7042012884581378,0.21629558758483525,0.6310154333271424
23,28,ච,0.6675166800328832,0.33589014854476995,0.6177727003096662
23,29,ඩ,0.6612922366353585,0.3304743651968576,0.6116695559195834
23,30,ව,0.6437596516654094,0.3598779138109509,0.6011773909872405
23,31,ය,0.6429321401785663,0.32141191418623016,0.5947041062797158
23,32,ෆ,0.6336027227705576,0.3549362434918494,0.5918027508787513
23,33,ඪ,0.6518295254715114,0.22635632319819066,0.5880085451305133
23,34,බ,0.6305560017601342,0.3228495265563742,0.5844000304795701
23,35,ඤ,0.6639998651209769,0.10636560942377016,0.5803547267663959
23,36,ණ,0.6017335065842054,0.3338607071787687,0.5615525866733899
23,37,ෂ,0.6002024696557211,0.23566471089488528,0.5455218058415957
23,38,ඣ,0.59033843200874,0.21630960382529685,0.5342341077812236
23,39,ආ,0.6096358600319088,0.06266440389401728,0.5275901416112251
23,40,ඊ,0.5595304932759695,0.3221577122384529,0.5239245761203419
23,41,ඈ,0.6012766060374077,0.022677238768257335,0.5144867009470352
23,42,ඒ,0.5823456788344699,0.10039017096842784,0.5100523526545636
23,43,ඡ,0.575296193375967,0.13497788256812093,0.5092484467547901
23,44,ඇ,0.5804315370993716,0.0,0.4933668065344658
23,45,ඖ,0.5128269826712679,0.2825468213304757,0.47828495847014907
23,46,අ,0.5389045042131527,0.04003102565385985,0.4640734824292588
23,47,උ,0.5107576707253079,0.12164128308092748,0.45239021257865075
23,48,ඎ,0.406323048278044,0.34661418607001127,0.39736671894683906
23,49,ථ,0.41199316841252787,0.16923553965028104,0.37557952409819084
23,50,ර,0.39309189811359446,0.18910772225429384,0.3624942717346994
23,51,ට,0.3788734700902292,0.22651902234614796,0.356020302928617
23,52,ධ,0.37287812402899156,0.20295203794258587,0.3473892111160307
23,53,ඌ,0.3723533466762444,0.18550034838753005,0.3443253969329373
23,54,ඨ,0.3543383738563801,0.18905672331329237,0.3295461262749169
23,55,ඳ,0.3145711222839148,0.18056227412508385,0.29446979506009013
23,56,ඓ,0.29340481575840405,0.22072722059221195,0.2825031764834752
23,57,ද,0.0,0.1812906187243576,0.027193592808653643
24,1,ච,0.9913906733824875,0.7851856321570866,0.9604599171986774
24,2,ව,0.9874584854455866,0.7020142349732154,0.9446418478747308
24,3,ඞ,0.963354141625678,0.7065943567994076,0.9248401739017375
24,4,ඩ,0.9528131547700114,0.746512275088143,0.9218680228177312
24,5,ම,0.9439256245453117,0.5687143691048444,0.8876439362292415
24,6,ළ,0.9532274037706608,0.37168063216504776,0.8659953880298189
24,7,ඬ,0.8798771495260006,0.6513244161738869,0.8455942395231836
24,8,ඔ,0.8923486766526558,0.5379660837198156,0.8391912877127298
24,9,ඹ,0.8795090041408878,0.4994913060064857,0.8225063494207274
24,10,එ,0.8508059401652529,0.5846000937939949,0.8108750632095643
24,11,ඵ,0.8611194235515368,0.5260867523148935,0.8108645228660404
24,12,ට,0.8423640814534572,0.6045659217376644,0.8066943574960883
24,13,ධ,0.8232689748324218,0.5438411220418342,0.7813547969138336
24,14,ජ,0.828369542845969,0.4317923988733151,0.7688829712500709
24,15,ඊ,0.8218289165492146,0.46376164387599517,0.7681188256482316
24,16,ඪ,0.7955760032802079,0.5888124013686795,0.7645614629934787
24,17,ඛ,0.8205542684643887,0.4444185577223638,0.764133911853085
24,18,බ,0.7996519841163451,0.4520351938811521,0.7475094655810661
24,19,උ,0.7764991256413575,0.39072926401227737,0.7186336463969955
24,20,ඕ,0.7664665209657231,0.4348825391043656,0.7167289236865195
24,21,ග,0.7224383670889989,0.38796909632659304,0.672267976474638
24,22,ර,0.7081326605006991,0.4232742640486181,0.6654039010328869
24,23,ඒ,0.7033811625497763,0.37424962274927676,0.6540114315797014
24,24,භ,0.6878139166884962,0.40673580390045894,0.6456521997702906
24,25,ථ,0.6784365452653945,0.45964686135525124,0.645618092678873
24,26,ල,0.6752362135821641,0.4351143332355185,0.6392179315301673
24,27,ඇ,0.7035954790116401,0.23490938011961338,0.6332925641778361
24,28,ඈ,0.6962908612141309,0.25867272876623315,0.6306481413469461
24,29,ඡ,0.6712094675438793,0.33234642732264097,0.6203800115106937
24,30,ණ,0.6378033602979138,0.4576601595558155,0.6107818801865991
24,31,ඟ,0.6537489302909141,0.33592063799712735,0.6060746864468461
24,32,හ,0.6376678841104084,0.3787705489230837,0.5988332838323096
24,33,ශ,0.6582025330860816,0.22579237400563612,0.5933410092240148
24,34,ත,0.6180518080855666,0.4083149828203494,0.586591284295784
24,35,ඨ,0.6076863435070806,0.43782580733195453,0.5822072630808117
24,36,ඣ,0.5858605498141667,0.5525258724514694,0.5808603482097621
24,37,ප,0.6211631337903628,0.26763640115858656,0.5681341238955964
24,38,ඝ,0.6242052949255701,0.20789215295716912,0.5617583236303099
24,39,න,0.566151519306399,0.4965651526406337,0.5557135643065342
24,40,ක,0.5883316790968611,0.35143815586555693,0.5527976506121655
24,41,ඖ,0.569315704170144,0.45859510722768326,0.5527076146287749
24,42,ඏ,0.5704153374709109,0.31020498744566294,0.5313837849671237
24,43,ඳ,0.5574888423980772,0.27664706477243806,0.5153625757542313
24,44,ස,0.5594374324016453,0.2383141455421146,0.5112689393727158
24,45,අ,0.5388183020607206,0.14936564046410128,0.48040040282122765
24,46,ය,0.5091258563683362,0.25093150393257,0.47039670350297125
24,47,ඉ,0.4823042808887138,0.2046163016765895,0.4406510840068952
24,48,ද,0.437832882919732,0.33389925907716345,0.4222428393433467
24,49,ඤ,0.4527840963388158,0.19991956619311357,0.41485441681696045
24,50,ඍ,0.4369144969006288,0.25368013194605354,0.4094293421574425
24,51,ආ,0.4263697144648061,0.1829046369059485,0.38984995283097745
24,52,ඐ,0.26024860653522974,0.39154536644352567,0.27994312052147413
24,53,ඓ,0.20303383356898486,0.4760535270646741,0.24398678759333825
24,54,ෆ,0.15374674949039702,0.234100517589939,0.16579981470532829
24,55,ඎ,0.05050494719603649,0.19111781087664637,0.07159687674812798
24,56,ඌ,0.0,0.29754506528004154,0.04463175979200624
24,57,ෂ,0.014681740612252692,0.0,0.012479479520414788
25,1,ඡ,0.9851543561228349,0.7752500401389865,0.9536687087252577
25,2,ජ,0.9703417742940793,0.6746522090343212,0.9259883395051155
25,3,ඪ,0.9575427699851511,0.548067211382632,0.8961214361947732
25,4,ඹ,0.9626709445908905,0.4419918828770766,0.8845690853338184
25,5,ඔ,0.9539056256163231,0.4756023276003324,0.8821601309139244
25,6,ඵ,0.930042887782663,0.5630940789560007,0.8750005664586636
25,7,බ,0.9524044570494362,0.40687930102694103,0.870575683646062
25,8,ම,0.9191886381851736,0.5289034198086215,0.8606458554286908
25,9,එ,0.9089754714242706,0.5349733486030481,0.8528751530010872
25,10,ඛ,0.9248077636860239,0.42523165784507777,0.8498713478098819
25,11,ර,0.8791830698684988,0.5303586503225415,0.8268594069366052
25,12,ය,0.906894723219219,0.3377843549167613,0.8215281679738504
25,13,ඕ,0.8879088669718904,0.4326632712241172,0.8196220276097244
25,14,ඞ,0.8709290215774987,0.4207699356279896,0.8034051586850723
25,15,ණ,0.8583765064744349,0.42514312714570257,0.793391499575125
25,16,ඩ,0.8574473949980257,0.3848365856128967,0.7865557735902564
25,17,ඊ,0.8201019113709096,0.4816733764135298,0.7693376311273026
25,18,ඨ,0.8313860137548628,0.3779284508171541,0.7633673793142064
25,19,ශ,0.8586660590523267,0.19438126308324888,0.7590233396569651
25,20,ඬ,0.8191005524597443,0.36806495412872986,0.7514452127100921
25,21,ළ,0.7984724081738641,0.272932763220581,0.7196414614308717
25,22,ථ,0.7648025601359054,0.44332489526646124,0.7165809104054888
25,23,ච,0.7581189588123455,0.4254303291227043,0.7082156643588994
25,24,ඣ,0.730634472438577,0.5004191319577219,0.6961021713664488
25,25,ඒ,0.7260058970437928,0.40584331802582485,0.6779815101910975
25,26,ඝ,0.764346363229391,0.1839885610528036,0.6772926929029028
25,27,ස,0.7636983035616506,0.1794744230783275,0.6760647214891521
25,28,ධ,0.729318622583828,0.2628782204646527,0.6593525622659517
25,29,ග,0.7339521428299735,0.19966165423837923,0.6538085695412343
25,30,ව,0.688536568765338,0.43466564543012776,0.6504559302650564
25,31,ඏ,0.715244435423976,0.2637605380662781,0.6475218508203213
25,32,ප,0.7220672237855017,0.15702258091513766,0.6373105273549471
25,33,ට,0.6704977484764605,0.3398767728828658,0.6209046021374213
25,34,ක,0.6877345424035408,0.2378076381338432,0.6202455067630861
25,35,ත,0.6835058755115531,0.2531686598684517,0.6189552931650878
25,36,ඖ,0.6290589896809988,0.4471559328644015,0.6017735311585093
25,37,භ,0.6558518031123157,0.1597610415647479,0.5814381888801805
25,38,ඍ,0.6455624806090041,0.21660233967830633,0.5812184594693994
25,39,හ,0.6346506667623344,0.1334623059727107,0.5594724126438908
25,40,ඟ,0.6273441953551557,0.14211952506608683,0.5545604948117954
25,41,න,0.5608095123720184,0.20440797617177064,0.5073492819419813
25,42,ල,0.5306988537788204,0.2855187191543497,0.4939218335851498
25,43,ඉ,0.5267809320193987,0.10957768226936837,0.46420044455689413
25,44,ඓ,0.42651400301691866,0.5249276105106759,0.44127604414098226
25,45,උ,0.46387120022263717,0.1818697839340293,0.421570987779346
25,46,අ,0.45257261981689534,0.10124714284192449,0.39987379827064967
25,47,ඈ,0.41537275075376223,0.20350813605171947,0.3835930585484558
25,48,ඇ,0.4130485322718682,0.18209915381864816,0.3784061255038852
25,49,ඐ,0.3829501825580186,0.33846262433633567,0.37627704882476615
25,50,ඤ,0.40786212628962626,0.09355583298008252,0.3607161822931947
25,51,ෂ,0.3989594684382456,0.07517036216046136,0.3503911024965779
25,52,ඎ,0.35268160243663693,0.2367256641336032,0.33528821169118184
25,53,ඳ,0.3105017357869957,0.16980676852448118,0.2893974906976185
25,54,ද,0.2579624076262691,0.29527196475371753,0.26355884119538636
25,55,ආ,0.20703667108483226,0.008329848392914507,0.1772306476810446
25,56,ෆ,0.0901449251335914,0.0,0.07662318636355268
25,57,ඌ,0.0,0.20700038618443084,0.03105005792766463
26,1,ජ,0.9959139992655727,0.7901048751341729,0.9650426306458627
26,2,ඵ,0.9812958667029541,0.6184303694218568,0.9268660421107895
26,3,එ,0.9714733344181381,0.5810866421879728,0.9129153305836133
26,4,ඪ,0.970418332720277,0.5815121012557483,0.9120823980005978
26,5,ඔ,0.9697986342380294,0.46133997642521674,0.8935298355661074
26,6,ම,0.9573657259453126,0.49870329344221487,0.888566361069848
26,7,ඹ,0.9665218688081632,0.42136694178693646,0.8847486297549791
26,8,ඡ,0.8934327496018334,0.5947832145804366,0.8486353193486238
26,9,ර,0.8870377950546376,0.5814726602844094,0.8412030248391034
26,10,ඞ,0.897867204339311,0.4658124519889363,0.8330589914867548
26,11,ඩ,0.8861336980277065,0.4147324775491428,0.8154235149559219
26,12,බ,0.8925573573309773,0.37491479241379777,0.8149109725934004
26,13,ඛ,0.8817558689604352,0.40246222306868784,0.8098618220766731
26,14,ඕ,0.875927871818744,0.3946544306220825,0.8037368556392448
26,15,ඨ,0.8455023252292913,0.451121128505635,0.7863451457207429
26,16,ඊ,0.8371695712196314,0.4935097086353707,0.7856205918319923
26,17,ථ,0.8254438252468276,0.527988755458971,0.7808255647786491
26,18,ය,0.8603821159667253,0.3254352505498025,0.7801400861541868
26,19,ච,0.8189564146243294,0.4850260269458797,0.768866856472562
26,20,ඒ,0.8207153216735573,0.4552190123715798,0.7658908752782607
26,21,ළ,0.857986127001977,0.16440630370358522,0.7539491535072181
26,22,ඬ,0.8121297765948483,0.3713628860093403,0.7460147430070221
26,23,ණ,0.8104007948748513,0.29809263635944905,0.733554571097541
26,24,ව,0.7578897923190893,0.5153142412758749,0.7215034596626071
26,25,ශ,0.816325653301088,0.11319239053586472,0.7108556638863045
26,26,ධ,0.7772513843676854,0.32246527840387285,0.7090334684731135
26,27,ග,0.7962461553531329,0.18367298407328525,0.7043601796611557
26,28,ඣ,0.7242274148098864,0.5558001027074658,0.6989633179945233
26,29,ට,0.7275084066247339,0.4228038763441847,0.6818027270826514
26,30,ල,0.6580233427484221,0.3432518679241595,0.6108076215247826
26,31,ඝ,0.6969879822641422,0.09154903748352705,0.6061721405470499
26,32,ක,0.6718243120340873,0.20828410323371194,0.602293280714031
26,33,භ,0.6812666137298591,0.1540922694775091,0.6021904620920066
26,34,ත,0.6610748363168533,0.260832767671069,0.6010385260199855
26,35,ප,0.6592053779249369,0.22374154040567673,0.5938858022970479
26,36,ඏ,0.653157808445794,0.2518522879891242,0.5929619803772935
26,37,ස,0.6513883687129927,0.14202860488294167,0.574984404138485
26,38,හ,0.6436833408954558,0.11877978666830524,0.5649478077613832
26,39,ඟ,0.6340906550163485,0.09612720176246481,0.5533961370282661
26,40,ඖ,0.5652395070650995,0.4381749531400724,0.5461798239763455
26,41,න,0.6015077383630856,0.22098681810401488,0.5444296003242249
26,42,උ,0.5969248688589311,0.24034845544856043,0.5434384068473755
26,43,ඍ,0.5141470087425679,0.12743438275965469,0.4561401148451309
26,44,ඈ,0.46404621137758695,0.19488037457315366,0.42367133585692196
26,45,ඓ,0.38271892943741215,0.6038316992853888,0.41588584491460867
26,46,ඇ,0.45590912148072704,0.17656020582483367,0.41400678413234304
26,47,ඉ,0.4611277226873256,0.06819709639971772,0.4021881287441844
26,48,අ,0.4357967284813987,0.08717138867752128,0.3835029275108171
26,49,ඤ,0.3957475287640354,0.04723978860191502,0.3434713677397173
26,50,ඐ,0.3162173350295405,0.3119356305525516,0.31557507935799217
26,51,ඳ,0.23136965455429137,0.12509538331419356,0.2154285138682767
26,52,ආ,0.24545635839498825,0.02560194366971924,0.2124781961861979
26,53,ඎ,0.1386463506414608,0.12757615808415734,0.13698582175786528
26,54,ද,0.10407153038885297,0.24263051649505896,0.12485537830478388
26,55,ෂ,0.12652827100910002,0.0,0.10754903035773501
26,56,ෆ,0.04346006598125429,0.056821458491154275,0.045464274857739295
26,57,ඌ,0.0,0.24184410147693858,0.03627661522154079
